52.05,113.466667,city
54.5801674,-1.0739956,Yearby
54.233849,-1.341377,Thirsk
50.794995,-1.117547,Gosport
53.763201,-2.70309,Preston
52.3555177,-1.1743197,North East England
51.4571477,-0.1230681,Lambeth
55.16875,-1.687493,Morpeth
52.257473,-1.164947,Daventry
55.94450999999999,-2.954526,Tranent
53.139551,-4.273911,Caernarfon
52.19173,-1.708298,Stratford-Upon-Avon
51.2868939,-0.7526149999999999,Farnborough
51.6569225,-0.1949252,Barnet
51.304309,0.47806,Aylesford
51.72913,-2.530504,Lydney
51.5474028,0.6472768999999999,Leigh-On-Sea
52.678419,-2.445258,Telford
55.086136,-1.5808,Cramlington
52.968716,-2.682045,Whitchurch
56.81981700000001,-5.105218,Fort William
39.4652724,-95.7363723,East Holton
55.78320919999999,-3.9810968,Motherwell
52.4981719,-2.169995,Kingswinford
53.41291,-8.24389,Ireland
51.886805,-1.763191,Bourton-On-The-Water
51.335545,1.419895,Ramsgate
51.35061719999999,-2.8676703,East Rolstone
39.0347666,-87.1658458,Linton
46.3994763,-117.0693286,Street
40.5649781,-111.8389726,Sandy
51.41604,-0.75398,Bracknell
53.571744,-1.786292,Holmfirth
54.34382429999999,-7.6315336,Enniskillen
49.5129678,-115.7694002,Cranbrook
52.155357,1.600446,Aldeburgh
52.771318,-1.554997,Swadlincote
52.5863179,-1.1063539,Wigston
53.126933,-1.262504,Sutton-In-Ashfield
53.916661,-3.035673,Fleetwood
53.408054,-2.9965122,New Quay
55.533635,-1.707851,Chathill
50.992934,-0.404202,Coolham
53.333372,-0.078399,Withcall
56.114073,-3.791896,Alloa
52.27299439999999,-0.8755514999999999,Northants
52.517664,-1.995159,West Bromwich
51.5250257,-0.3415002,Ealing
54.63341699999999,-1.654915,Shildon
51.42445,-0.08381,Gipsy Hill
56.212622,-3.0481379,Kennoway
53.367647,-2.164072,Bramhall
52.242793,-4.2581619,Aberaeron
53.568935,-2.885057,Ormskirk
51.230751,-2.320096,Frome
51.885644,-0.52039,Dunstable
53.835927,-1.776978,Shipley
51.586385,0.6048709999999999,Rayleigh
51.7520209,-1.2577263,Oxford
52.1850049,-1.467891,Gaydon
51.1278758,1.3134027,Dover
51.505679,-3.226618,Llandaff North
53.381724,-2.480044,Lymm
56.37654999999999,-3.841993999999999,Crieff
53.697931,-2.695478,Leyland
53.52703899999999,-2.28064,Prestwich
50.928494,-2.911062,Ilminster
53.697954,-1.546971,Kirkhamgate
53.567471,-0.080784,Grimsby
50.8342086,-0.2715558,Shoreham-By-Sea
51.28029600000001,-0.08161589999999999,Caterham
51.5763589,-0.2236956,Brent Cross
51.670418,-4.007427,Penllergaer
57.412474,-6.196022999999999,Portree
52.475769,-0.9215169999999999,Market Harborough
54.8674689,-1.6975953,Tyne & Wear
53.60555919999999,-0.5596582,North Lincolnshire
-33.8965493,151.1799632,Newtown
51.903761,-0.196612,Stevenage
51.915768,-1.436469,Cleveley
43.4908606,-85.4439283,Morley
42.3149367,-83.03636329999999,Windsor
51.395892,-2.505407,Chewton Keynsham
51.52276,-0.103842,Clerkenwell
53.25797499999999,-3.443728,St. Asaph
57.50812299999999,-1.784066,Peterhead
54.666248,-6.2864659,County Antrim
53.645708,-3.010113,Southport
-33.8846107,151.2265861,Paddington
50.338,-4.795,St. Austell
51.18573199999999,-0.612808,Godalming
51.9895039,-0.189128,Baldock
53.279812,-2.897404,Ellesmere Port
50.429962,-3.837397,South Brent
51.4911875,-0.2237315,Hammersmith
51.816142,1.021399,Brightlingsea
52.305572,-1.9419204,Kingfisher Shopping Centre
51.5465063,-0.1058058,Islington
51.32141799999999,-0.474633,Wisley
54.2887008,-1.5933179,Bedale
51.928775,0.69772,Earls Colne
53.78216399999999,-2.871765,Kirkham
53.219016,-2.835151,Mickle Trafford
54.516246,-6.058010599999999,Lisburn
51.488713,0.0644978,North Woolwich
51.627903,0.418397,Billericay
54.947653,-1.906376,Stocksfield
51.46092179999999,-0.373149,Hounslow
55.862241,-4.019337,Coatbridge
54.841016,-1.468691,Houghton Le Spring
53.5418558,-0.1263736,North East Lincolnshire
36.3514543,-89.64535750000002,Stancil
53.09744999999999,-1.382256,Alfreton
52.056736,1.14822,Ipswich
52.388596,-2.2496839,Kidderminster
51.363583,-0.296254,Chessington
52.79599899999999,1.299559,Tuttington
51.071739,1.081937,Hythe
53.4519049,-2.2805087,Firswood
54.663261,-3.367985,Cockermouth
51.7355868,0.4685497,Chelmsford
53.453187,-1.371727,Greasbrough
52.857148,-3.056412,Oswestry
57.149717,-2.094278,Aberdeen
49.925002,-6.298672000000001,Isles Of Scilly
53.29426400000001,-1.405634,West Handley
51.7978049,0.6372179,Witham
51.62628100000001,0.080647,Chigwell
52.586214,-1.982919,Walsall
53.3272209,-0.9378483999999999,Moorgate
51.504286,-3.576945,Bridgend
50.999041,-0.106333,Haywards Heath
50.7390661,-2.3382346,Dorset
51.48619,-0.12286,Vauxhall
53.843964,-2.986281,Poulton-Le-Fylde
42.2625932,-71.8022934,Worcester
51.55399,-0.24981,Neasden
51.3983789,0.3020645,Longfield
52.406822,-1.519693,Coventry
50.7531235,-1.6550806,New Milton
53.0003079,-0.40965,Sleaford
51.638763,-0.4741309999999999,Rickmansworth
55.412744,-1.706299,Alnwick
50.848132,-0.937928,Emsworth
51.69616200000001,-4.083864,Llangennech
54.195138,-3.09267,Ulverston
49.8025841,6.722421000000001,Kenn
51.454513,-2.58791,Bristol
51.441868,-0.08480499999999999,Dulwich
52.517221,-1.741686,Water Orton
51.237276,-0.205883,Reigate
53.99212,-1.541812,Harrogate
52.8928932,-3.9958464,Gwynedd
51.62144,-3.943645999999999,Swansea
51.345178,-2.2525019,Bradford-On-Avon
51.428825,-0.547876,Egham
52.6504814,-2.1058909,Brinsford
51.5073509,-0.1277583,North London
51.402869,-0.166709,Mitcham
54.561954,-0.9895099999999999,Skelton-In-Cleveland
53.444266,-2.42142,Irlam
53.160142,-2.669436,Tarporley
52.1306607,-3.7837117,Wales
52.806693,-2.12066,Stafford
55.932291,-4.679806999999999,Port Glasgow
52.586973,-2.12882,Wolverhampton
51.602396,-0.6442409,Beaconsfield
53.10509099999999,-0.175141,Coningsby
51.0781599,-4.058338,Barnstaple
52.95478319999999,-1.1581086,Nottingham
54.762441,-1.32895,Peterlee
53.92705600000001,-1.384816,Wetherby
51.5073509,-0.1277583,South East London
52.302419,-0.6939639999999999,Wellingborough
51.8031689,-0.208661,Welwyn Garden City
54.428736,-2.961333,Ambleside
51.154214,-1.335825,Sutton Scotney
54.5542313,-3.5845627,Bransty
50.880939,-1.24068,Whiteley
51.396667,-3.343333,Cardiff International Airport
50.886118,-3.372925,Willand
53.95996510000001,-1.0872979,York
50.8830079,-2.795877,Crewkerne
51.5827079,-0.7364149999999999,Little Marlow
53.122322,-1.5136821,Derbyshire
43.9179023,-123.0245261,Creswell
51.9038619,-0.524733,Houghton Regis
51.8786707,-0.4200255,Luton
53.9690089,-2.6276908,Lancashire
52.660348,-3.146407,Welshpool
51.66497200000001,-3.30586,Treharris
51.3489069,-1.994828,Devizes
53.70645099999999,-2.279366,Rossendale
51.644142,-0.298193,Elstree
51.578829,-3.218134,Caerphilly
50.582285,-3.464402,Dawlish
52.1430868,-3.3736821,Powys
51.79607799999999,-0.655879,Tring
51.654745,-3.491629,Pentre
52.598233,1.728047,Great Yarmouth
53.81081760000001,-1.76261,West Yorkshire
51.795756,-0.08115699999999999,Hertford
51.81845999999999,-0.358953,Harpenden
53.23263439999999,-2.6103157,Cheshire
50.758531,-1.5419099,Lymington
50.9848716,-1.3053324,Eastern England
51.4278711,-0.1240577,Streatham
51.48101,0.2368,Purfleet
52.831333,0.849324,Fakenham
53.365962,-0.007710999999999999,Louth
51.57608399999999,0.488736,Basildon
51.9049501,0.202641,Stansted
50.983953,-1.379259,Chandler's Ford
50.6144279,-2.457621,Weymouth
53.733997,-1.412573,Methley
51.04619,0.409067,Ticehurst
43.0125274,-83.6874562,Flint
53.361024,-2.733637,Widnes
52.48113799999999,1.753449,Lowestoft
54.32875139999999,-5.715692199999999,Downpatrick
51.49969,-0.27013,South Acton
51.657728,-0.272308,Borehamwood
52.05,113.466667,City
56.20084199999999,-3.15986,Glenrothes
55.966437,-3.335491,Craigiehall
50.818863,-1.575726,Brockenhurst
54.980297,-1.482757,Jarrow
51.772619,-3.246775,Tredegar
50.8984533,-101.8968736,Churchbridge
50.85563819999999,0.5525772,St. Leonards-On-Sea
56.183877,-3.967449,Dunblane
51.4700223,-0.4542955,Heathrow Airport
54.851797,-1.833026,Consett
51.9489469,-3.391463,Brecon
51.5719443,-0.7769421999999999,Marlow
44.1752954,-81.6365715,Kincardine
51.52017,-0.10518,Farringdon
47.44972010000001,-99.1262234,Carrington
52.518064,1.015527,Attleborough
52.2851905,-1.5200789,Leamington Spa
51.462851,-0.267883,East Sheen
53.1845358,-2.8879854,Handbridge
56.03646999999999,-3.423064,Rosyth
54.859463,-1.570672,Chester Le Street
51.1536621,-0.1820629,Gatwick
51.055688,-2.416007,Wincanton
51.038134,-2.828719,Langport
51.471022,-0.040245,New Cross
53.202661,-3.030351,Deeside
53.7390947,-2.9679611,Lytham
50.957304,-0.510671,Pulborough
42.85839250000001,-70.93003759999999,Amesbury
53.748575,-2.487529,Blackburn
39.9865,-75.13906,West Kensington
52.095481,1.312571,Woodbridge
53.77827,-1.2442979,South Milford
43.1422429,-77.5826539,Overdale Park
43.4243008,-70.5141622,Arundel
55.7505087,-4.6327978,Den Cross
36.7748882,-93.4599326,Stone
56.071741,-3.452151,Dunfermline
53.55263,-1.479726,Barnsley
53.215207,-1.676171,Bakewell
51.724376,-0.834518,Princes Risborough
55.904185,-4.228494,Bishopbriggs
55.010762,-1.449138,North Shields
51.586357,-2.102834,Malmesbury
52.31007229999999,0.0569884,Berrycroft
51.81554,0.14721,Sawbridgeworth
51.3496049,-0.6792403,Lightwater
51.54327,-0.00187,Stratford
52.084585,-0.734583,Newport Pagnell
51.1464659,0.875019,Ashford
50.975626,-2.767086,Martock
55.950973,-4.926214,Dunoon
44.2311717,-76.4859544,Kingston
31.703889,-110.348056,Whetstone
53.480784,-2.148716,Droylsden
53.2692804,-4.3212852,Isle Of Anglesey
53.8175053,-3.0356748,Blackpool
54.074166,-2.864968,Morecambe
51.2787075,0.5217254000000001,Kent
43.25002080000001,-79.8660914,Hamilton
51.489956,-0.714087,Holyport
51.375801,-2.3599039,Bath
33.6670615,-93.5915665,Hope
53.1285044,-0.9030999,Nottinghamshire
55.9716266,-3.6025847,Linlithgow
51.113618,-0.732073,Hindhead
50.8548464,-1.1865868,Fareham
51.774928,-2.8759245,Monmouthshire
50.9667401,0.2564428,Heathfield
51.4740846,-0.09301369999999999,Camberwell
51.2914048,-0.2363114,Tadworth
51.56616709999999,0.5792811999999999,Benfleet
52.471815,-2.082075,Cradley Heath
51.2917005,-114.0143635,Airdrie
52.0540639,0.211946,Little Chesterford
52.495025,-2.996103,Bishops Castle
46.48999999999999,-81.00999999999999,Sudbury
51.6713888,-1.2727886,Thames View Industrial Park
31.5088073,-82.8498654,Douglas
-34.894581,138.5800061,Brompton
51.4571477,-0.1230681,North Lambeth
51.590158,-0.25177,Colindale
53.387762,-0.333285,Market Rasen
52.05639799999999,-2.715974,Hereford
51.370922,1.127771,Herne Bay
51.502781,-0.087738,Southwark
55.864237,-4.251806,Glasgow
51.905432,-2.481277,Aston Crews
54.243925,-0.7775529999999999,Pickering
54.210076,-0.290594,Filey
51.548961,-0.239096,Willesden
51.653,-3.021,Cwmbran
53.301554,-2.237216,Alderley Edge
53.680122,-1.696713,Mirfield
51.9939613,-2.158595,Back Of Avon
50.811057,-0.5386609,Littlehampton
51.8860181,0.2388661,London Stansted Airport
50.799468,-3.188683,Honiton
51.51758,-0.12045,Holborn
53.2352509,-2.1248755,Lyme Green
38.9071923,-77.0368707,Washington
51.656991,-3.805476,Neath
53.452889,-2.63508,Newton-Le-Willows
51.4454097,0.3054348,Swanscombe
51.5073509,-0.1277583,South West London
53.119197,-2.171608,Biddulph
53.2246219,-4.197995,Llanfairpwllgwyngyll
50.283948,-3.777493,Kingsbridge
37.7749295,-122.4194155,The City
50.263195,-5.051041,Truro
40.7556561,-73.5876273,Westbury
55.9493383,-2.7704464,East Lothian
51.7612056,-1.2464674,Oxfordshire
52.0765164,-2.6544182,Herefordshire
51.504746,-0.22305,Shepherd's Bush
51.440563,-1.074725,Theale
51.211837,-1.193026,North Waltham
50.78272699999999,-2.994937,Axminster
54.85749999999999,-5.80986,Larne
50.82253000000001,-0.137163,Brighton
51.8642112,-2.2380335,Gloucestershire
57.973406,-3.976086,Golspie
52.867282,-1.066344,Stanton-On-The-Wolds
54.3726818,-1.7254551,Catterick Garrison
56.030043,-3.398795,Inverkeithing
51.42483,-0.03332,Lower Sydenham
54.108967,-3.218894,Barrow-In-Furness
60.5400848,-1.3843217,Shetlands
57.1342393,-2.1597751,Craigiebuckler
51.73180499999999,0.6714479999999999,Maldon
51.232202,-0.332378,Dorking
54.972665,-2.1121439,Hexham
-39.4304603,174.2993428,Eltham
51.0895203,-1.216844,Hampshire
51.7831561,-0.0438358,Hertford Heath
51.420073,-1.727062,Marlborough
53.013807,-1.35377,Heanor
51.4059926,-0.5785745,Virginia Water
52.2671353,-1.4675216,Warwickshire
52.666317,0.158797,Wisbech
50.947822,-2.5144829,Sherborne
57.364597,-2.072972,Ellon
53.06718499999999,-2.524102,Nantwich
52.335589,-2.061906,Bromsgrove
51.645079,-1.010546,Watlington
55.847258,-4.440113999999999,Paisley
51.391975,-1.114403,Padworth
53.25868029999999,-2.5181321,Northwich
51.081397,1.169456,Folkestone
51.745734,-2.217758,Stroud
29.8416688,-95.4601488,Broom
55.79333500000001,-4.867278000000001,Largs
50.844949,-1.788817,Ringwood
44.431771,-76.38408299999999,Battersea
51.4982272,-0.1535489,Belgravia
51.5485,-0.479611,Uxbridge
53.32412799999999,-1.995317,High Peak
51.781605,-1.376999,Eynsham
53.9628495,-2.0162787,Skipton
54.32800599999999,-2.74629,Kendal
-26.6638599,25.2837585,North Ewster
51.32633,-0.102494,Kenley
53.4326035,-1.3635009,Rotherham
52.481392,-1.468869,Bedworth
51.999326,-0.987645,Buckingham
53.683298,-1.505924,Wakefield
53.372587,-1.203068,Dinnington
51.6260639,-2.4012651,Charfield
57.477773,-4.224721,Inverness
56.002318,-4.734014,Helensburgh
51.406025,0.013156,Bromley
55.623728,-2.814449,Galashiels
51.162752,0.552848,Staplehurst
53.395805,-6.439654,Ongar
51.401409,-1.3231139,Newbury
53.905825,-1.691786,Otley
53.85564,-2.176991,Colne
50.70531339999999,-3.0718734,Seaton
51.463024,0.360498,Tilbury
53.137156,-1.551774,Matlock
51.196259,0.06545100000000001,Edenbridge
52.556772,0.96303,Little Ellingham
54.512614,-1.355031,Egglescliffe
51.716249,-0.456157,Kings Langley
53.334817,-2.977993,Bromborough
51.6651732,-3.771648399999999,Neath Port Talbot
39.8366528,-105.0372046,Westminster
51.763366,-0.22309,Hatfield
53.394361,-2.214115,Cheadle
51.29640699999999,-0.33112,Leatherhead
51.319941,-0.141267,Coulsdon
53.3606237,-2.9175973,Cressington
31.6429346,-97.9716967,Whiteway
51.42235700000001,-0.7171959,Warfield Park
52.49229829999999,-0.6842332999999999,Corby
56.320235,-3.010137,Cupar
51.44184449999999,-0.7918265999999999,Billingbear
41.6455384,-72.7819349,Hungerford Park
54.954693,-1.550837,Pelaw
51.26654,-1.0923964,Basingstoke
55.9650641,-4.5063596,West Dunbartonshire
51.639295,-2.15818,Tetbury
56.2082078,-3.1495175,Fife
51.8642449,-2.238156,Gloucester
51.3716269,-0.457904,Weybridge
54.45086,-6.393829999999999,Craigavon
57.64945400000001,-3.318485,Elgin
55.182978,-1.5659829,Ashington
54.53864,-1.206954,Marton-In-Cleveland
51.616068,-0.140317,Friern Barnet
53.479322,-2.937284,Aintree
51.53228,-0.10605,Angel
52.552888,-2.02208,Wednesbury
51.461514,-2.1195157,Chippenham
51.28442,-2.819352,Axbridge
51.369487,-0.365927,Esher
51.442108,-2.856196,Clevedon
51.992265,-2.15796,Tewkesbury
54.396774,-3.481608,Seascale
52.1359735,-0.4666565,Bedfordshire
51.79769,0.9846020000000001,East Mersea
39.9105176,-75.0497448,Haddon
51.528737,0.055472,East Ham
52.196557,-1.589643,Wellesbourne
41.6105937,-87.06419919999999,Chesterton
51.090856,-0.7133729999999999,Haslemere
51.400766,-0.3562949,East Molesey
44.80118210000001,-68.77781379999999,Bangor
57.5946621,-7.255101199999999,Isle Of North Uist
52.9922142,-1.1331367,Woodthorpe
51.9914181,-1.7028526,Moreton-In-Marsh
50.807364,-1.899776,Ferndown
-32.0150732,115.8363267,Perth & Kinross
53.46969679999999,-1.3259683,South Yorkshire
45.8902806,-66.7516364,Hanwell
50.233022,-5.226666,Redruth
51.649276,-0.176187,New Barnet
51.061756,0.33802,Wadhurst
50.90970040000001,-1.4043509,Southampton
50.9285982,0.2764899,East Sussex
51.173516,-0.172109,Horley
50.39514,-3.513924,Brixham
51.627572,0.034513,Buckhurst Hill
54.5704551,-1.3289821,Stockton-On-Tees
51.85762,-4.312131,Carmarthen
51.642687,0.673944,North Fambridge
56.03490799999999,-3.35056,Dalgety Bay
53.723805,-0.434858,Hessle
51.280906,-0.9630429999999999,Hook
52.468728,1.443686,Ditchingham
54.664097,-2.752708,Penrith
52.0450779,0.952647,Hadleigh
51.514121,0.42854,Stanford-Le-Hope
-35.1593978,147.3593137,Tatton
51.498883,-0.04691600000000001,Rotherhithe
51.69988799999999,-0.028486,Cheshunt
33.6839473,-117.7946942,Irvine
51.255714,-3e-06,Oxted
50.967182,-1.374688,Eastleigh
58.98467400000001,-2.962249,Kirkwall
40.4988592,-88.2071598,Ford
53.865153,-1.684203,Yeadon
52.576614,-1.543763,Atherstone
51.9196839,-0.6606569999999999,Leighton Buzzard
50.918329,-0.454313,Storrington
-1.9981271,-54.9306152,Par
49.183333,-122.85,Surrey
40.735657,-74.1723667,Newark
50.433741,-3.685797,Totnes
51.3462419,-0.804268,Sandhurst
53.207307,-0.11245,Horncastle
53.32135599999999,-0.9455030000000001,Retford
53.57686469999999,-2.4282192,Bolton
52.912242,1.213236,East Beckham
-31.9535132,115.8570471,Perth
51.39254099999999,-3.405165,West Aberthaw
57.061681,-2.129468,Portlethen
51.718495,-1.968243,Cirencester
53.689833,-1.6296949,Dewsbury
51.5459269,0.7077123,Southend-On-Sea
53.753609,-2.37218,Accrington
51.700328,0.108655,Epping
51.082764,-1.978645,Dinton
53.681091,-1.578877,Ossett
50.9868979,-0.737274,Midhurst
53.745894,-0.868877,North Howden
51.9057899,-2.0925742,Cheltenham Trade Park
50.87387200000001,0.00878,Lewes
-42.4007659,173.6813563,West End
53.1822159,-1.388955,North Wingfield
51.810437,-0.028177,Ware
53.614012,-0.215913,Immingham
53.6097136,-2.1561,Rochdale
55.89311799999999,-3.066606,Dalkeith
53.27600899999999,-3.225103,Holywell
51.85167999999999,-4.883579999999999,Clarbeston Road
51.266969,0.071827,Westerham
50.9867009,-0.6107241999999999,Petworth
52.52625,-2.066058,Tipton
51.336036,-0.267382,Epsom
52.254867,0.103712,Histon
41.0534302,-73.5387341,Stamford
51.44188399999999,0.370759,Gravesend
46.86565299999999,0.771022,Barry
57.166871,-2.1031589,Old Aberdeen
52.123418,-0.494809,Kempston
52.7516798,0.4022963000000001,King's Lynn
41.8003049,-73.1211715,Torrington
51.428089,-0.879365,Winnersh
51.74388099999999,-2.279028,Stonehouse
51.195043,0.27568,Tonbridge
51.945407,1.062086,Manningtree
36.0331164,-86.78277720000001,Brentwood
51.39843940000001,0.4835701,Strood
42.928698,-71.1870053,Sandown
52.7701009,-1.292427,Shepshed
54.962199,-1.84723,Prudhoe
54.549699,-3.589233,Whitehaven
40.8584328,-74.16375529999999,Clifton
42.0592101,-83.3907658,Carleton
54.653152,-1.45019,Sedgefield
53.75574899999999,-1.690844,Birkenshaw
51.3514399,-0.2502740000000001,Ewell
54.86537999999999,-6.28038,Ballymena
51.592387,-1.256902,Coscote
57.72157899999999,-3.280325,Lossiemouth
50.69271759999999,-1.3167103,Isle Of Wight
55.54856969999999,-2.7861388,Borders
45.5230622,-122.6764816,Portland
50.3754565,-4.1426565,Plymouth
50.77721349999999,-3.999461,Devon
50.619957,-3.413702,Exmouth
36.8507689,-76.28587259999999,Norfolk
51.43148,-0.515525,Staines
51.521164,0.2943529,South Ockendon
50.41549699999999,-5.073719,Newquay
51.8598535,-4.260853099999999,Carmarthenshire
56.643558,-2.889062,Forfar
50.76278500000001,-1.300533,Cowes
52.520489,-1.465382,Nuneaton
56.1241394,-3.758379,Clackmannanshire
52.048142,-0.024066,Royston
51.48516499999999,0.14827,Belvedere
53.1616114,6.390616500000001,Leek
51.692119,-1.692092,Lechlade
53.5852084,0.0252901,Humber
51.127889,-3.003632,Bridgwater
51.656489,-0.39032,Watford
40.0362184,-75.5138118,Malvern
52.340659,-1.077033,West Haddon
53.2967045,-2.7245643,Frodsham
53.699729,-1.782501,Brighouse
54.7877149,-6.4923145,Northern Ireland
52.027411,-1.143152,Brackley
51.6755179,-0.6072409999999999,Amersham
39.7628227,-86.3997167,Avon
56.7969965,-2.9206818,Angus
53.193392,-2.893075,Chester
57.33041,-3.609628,Grantown-On-Spey
50.828179,-0.328092,Lancing
55.90070799999999,-3.518068,Livingston
-37.6832693,144.9199591,Broadmeadows
52.406992,-1.928368,Kings Norton
52.467804,-2.9539369,Lydbury North
53.19256499999999,-2.443833,Middlewich
56.0991659,-3.8453461,Throsk
43.070671,0.006364,Haye
54.509167,-1.429167,Durham Tees Valley Airport
51.753241,-0.448632,Hemel Hempstead
50.942061,-2.633308,Yeovil
51.76000699999999,-0.015042,Hoddesdon
51.5459269,0.7077123,Southend
51.6161559,-0.1727219,North Finchley
53.35734600000001,-1.2134069,North Anston
52.240477,-0.9026560000000001,Northampton
51.646519,-3.23131,Hengoed
53.3333333,-3.0833333,Wirral
42.3736158,-71.10973349999999,Cambridge
51.63802500000001,-2.351248,Wotton-Under-Edge
51.415059,-2.502526,Keynsham
51.68680800000001,-0.3173869,Radlett
52.375539,-2.316973,Bewdley
52.625742,-1.294435,Desford
53.749667,-2.674108,Walton-Le-Dale
51.3411577,-0.8252029999999999,Yateley
51.380952,0.52213,Chatham
57.16214290000001,-2.7194167,Aberdeenshire
51.22497689999999,-2.9780325,Highbridge
51.678768,-2.350518,Dursley
51.285199,-2.485936,Midsomer Norton
51.5765108,-0.7100694,Bourne End
51.062883,-0.325858,Horsham
50.46863,-4.715114,Bodmin
52.399539,0.262363,Ely
50.96594,-2.6493669,Yeovil Marsh
51.895927,0.8918740000000001,Colchester
50.7788154,-2.3379288,North Piddle
35.9940329,-78.898619,Durham
51.91756299999999,1.040657,Little Bromley
51.40817,-0.025813,Beckenham
53.3005939,-2.371833,Knutsford
50.2152089,-5.4777498,St. Ives
51.348056,-0.603858,Chobham
59.00000000000001,-3,Orkneys
50.727052,-1.921498,Branksome
54.337961,-1.429959,Northallerton
51.220656,-0.465097,Shere
51.370447,-2.137629,Melksham
53.571456,-0.403125,Barnetby
55.614719,-4.498792,Kilmarnock
54.840346,-1.337517,Seaham
52.289125,-0.600363,Rushden
51.429347,-0.142475,Streatham Park
52.611527,-2.4834109,Broseley
53.197787,-3.1599793,Flintshire
51.77134,-2.324464,Whitminster
51.5084214,-0.2745505,Acton
53.706976,-1.670679,Heckmondwike
55.95867399999999,-2.774864,Haddington
52.492401,-1.965207,Smethwick
51.562254,0.218605,Hornchurch
51.68914359999999,-0.2777087,Shenley
51.60496740000001,-0.0722785,Tottenham
53.338876,-1.690345,Hope Valley
52.6060779,-1.915801,Aldridge
51.4414579,-0.0117006,Lewisham
53.290584,-3.069102,Neston
52.953685,1.014356,Blakeney
51.5073509,-0.1277583,North West London
55.45923149999999,-4.3338032,East Ayrshire
32.5631924,-97.1416768,Mansfield
51.823669,-2.277564,Quedgeley
51.830433,1.247224,Frinton-On-Sea
52.606612,0.385472,Downham Market
44.4771797,-95.3263923,Seaforth
40.6283333,-78.96027769999999,Downes
51.674043,-4.908637,Pembroke
51.661917,-0.6691119999999999,Mop End
52.412856,0.751657,Thetford
38.8906038,-90.1842764,Alton
53.72346599999999,-1.345968,Castleford
51.681615,-3.373141,Mountain Ash
51.4409659,-2.7426528,North Somerset
50.826636,-4.543678,Bude
52.3815988,-3.9224817,Ceredigion
35.133333,36.75,West Ham
51.55591399999999,0.248894,Upminster
51.5877489,0.0037911,Upper Walthamstow
53.545921,-2.2019479,Middleton
52.3534549,0.8889469999999999,North Barningham
51.315994,0.889358,Faversham
50.9258359,-1.792526,Fordingbridge
50.725156,-2.936639,Lyme Regis
-33.5445555,150.1752087,Hartley
52.3555177,-1.1743197,North West England
40.6764911,-74.2907032,Kenilworth
52.45610199999999,0.054012,Chatteris
51.28016400000001,-2.7767019,Cheddar
51.1909,-2.547886,Shepton Mallet
51.21184299999999,-0.3252760000000001,North Holmwood
50.7111639,-2.441181,Dorchester
51.0766612,0.3360222,Woods Green
51.5116269,-0.147806,Mayfair
53.729988,-0.5732149999999999,Brough
52.70730289999999,-2.7553268,Shrewsbury
52.27491999999999,0.327247,Burwell
53.002668,-2.179404,Stoke
51.577076,0.178319,Romford
52.724569,-1.3677109,Coalville
51.29201699999999,-2.446092,Radstock
52.3010639,-0.004534,Swavesey
52.19371899999999,1.5773759,Aldringham
53.183906,-3.425002,Denbigh
53.4074544,-0.9058662,Mill Hill
50.872559,-1.5768,Lyndhurst
54.691745,-1.212926,Hartlepool
51.522414,-0.7219,Maidenhead
53.3900441,-2.5969501,Warrington
37.9347695,-88.4619932,Broughton
54.57718000000001,-5.88821,Castlereagh
52.5454549,-1.37667,Hinckley
51.015344,-3.106849,Taunton
50.911274,-1.306678,Hedge End
33.2148412,-97.13306829999999,Denton
53.0243899,-1.477616,Belper
51.488713,0.0644978,Woolwich
54.643569,-3.542752,Workington
53.002668,-2.179404,Stoke-On-Trent
52.7697957,-2.1045243,Staffordshire
51.41233,-0.300689,Kingston Upon Thames
51.46418999999999,-0.17027,Clapham Junction
52.64746599999999,0.687481,Swaffham
54.37393059999999,-2.9376445,Windermere
40.790885,-73.9747115,Broadway
54.999424,-1.427406,South Shields
51.370723,0.3604859,Meopham
51.851928,-0.179152,Woolmer Green
40.3356483,-75.9268747,Reading
54.812167,-2.438685,Alston
52.570848,0.828023,Watton
52.903552,-2.483485,Market Drayton
51.855809,-2.518649,Drybrook
52.2052973,0.1218195,Cambridgeshire
50.4619209,-3.525315,Torquay
55.8351626,-4.1744831,Glasgow East Investment Park
53.400575,-0.774465,Gainsborough
52.022593,0.239215,Saffron Walden
53.842177,-1.636099,Horsforth
51.46231,-0.13857,Clapham
52.459333,1.566053,Beccles
52.137009,0.07796589999999999,Harston
51.45039999999999,0.2823,Greenhithe
52.07760099999999,-2.716656,Holmer
53.575458,-1.382291,Grimethorpe
40.2025,-77.195,Carlisle
53.8007554,-1.5490774,Leeds
38.8186957,-81.71068509999999,Ripley
51.1813239,0.38477,Paddock Wood
53.2178821,-0.1999702,Lincolnshire
51.113338,-2.452895,Bruton
51.5067458,-0.1429135,Piccadilly
57.5359261,-6.226272499999999,Isle Of Skye
51.39400999999999,-0.302662,Surbiton
56.0097152,-3.7227698,Grangemouth
54.9966124,-7.3085748,Londonderry
44.12788,-78.56854899999999,Manvers
54.612537,-1.290961,Billingham
53.7456709,-0.3367413,Hull
40.810556,-96.68027800000002,Lincoln
52.52104199999999,-1.840395,Erdington
51.74872999999999,-3.381646,Merthyr Tydfil
52.28231599999999,-1.584927,Warwick
51.899603,-1.1535899,Bicester
51.707275,-0.4183259,Abbots Langley
51.128742,-0.014468,East Grinstead
55.816761,-4.026536,Bellshill
53.04304,-2.992494,Wrexham
51.4409978,-1.04591,Calcot
56.003212,-3.887711,Bonnybridge
53.259082,-1.91483,Buxton
50.118798,-5.537592,Penzance
53.544389,-113.4909267,Edmonton
53.54896,-2.525881,Westhoughton
41.6130323,-70.9704787,Dartmouth
52.351897,-1.96031,Alvechurch
52.6368778,-1.1397592,Leicester
51.929281,-2.404578,Newent
38.8048355,-77.0469214,Alexandria
52.6308859,1.297355,Norwich
53.104066,-0.786497,Winthorpe
30.026861,-95.8458562,Hockley
52.086938,-0.26422,Biggleswade
36.9449989,-76.31339439999999,H M Naval Base
51.68584389999999,-0.0330964,Waltham Cross
42.3600825,-71.0588801,Boston
54.950456,-1.469053,Boldon Colliery
51.3615179,-0.21897,Cheam
53.013208,-2.2273002,Newcastle-under-Lyme
51.709401,-0.612333,Chesham
51.44621,0.216872,Dartford
52.840649,-1.341575,Castle Donington
51.8757077,-4.939193299999999,Pembrokeshire
51.700369,-3.045268,Pontypool
53.370573,-2.8209749,Halewood
51.503559,0.119933,Thamesmead
50.493452,-4.085603,Yelverton
50.9280143,-0.4617075,West Sussex
51.550501,-0.3048409,Wembley
55.153062,-2.998913,Langholm
50.8518324,-0.9847131999999998,Havant
54.59728500000001,-5.93012,Belfast
-40.900557,174.885971,New Zealand
44.05918700000001,-79.46125599999999,Newmarket
51.485155,-2.767948,Portishead
51.5390111,-0.1425553,Camden Town
51.4659863,-1.2814014,Berkshire
55.673865,-3.782138,Lanark
51.6297828,-0.577213,Chalfont St. Giles
41.76371109999999,-72.6850932,Hartford
53.336512,-3.407613,Prestatyn
51.777532,-3.206151,Ebbw Vale
54.1751024,-6.3402299,Newry
52.396322,-0.7302489999999999,Kettering
51.979074,-0.226624,Letchworth Garden City
53.200903,-6.1110741,Bray
51.541647,-2.280872,Badminton
52.1359729,-0.4666546,Bedford
52.0306149,0.5684958999999999,Tilbury Juxta Clare
53.757707,-1.661786,Drighlington
50.37529,-4.194344,Torpoint
51.597627,-0.7061160000000001,Flackwell Heath
31.3071716,-81.4617683,Broadfield
52.50537600000001,-1.113519,Bruntingthorpe
51.800475,-4.971318999999999,Haverfordwest
51.60314,-0.484045,Harefield
56.1168249,-3.158137,Kirkcaldy
52.456891,-2.148731,Stourbridge
50.5511229,-4.141654,Tavistock
51.2462714,-1.9922127,Wiltshire
53.867795,-1.912358,Keighley
51.4941501,-0.1746853,South Kensington
51.330902,-1.107419,Little London
52.289986,-0.375106,Stonely
55.458564,-4.629179000000001,Ayr
52.4821669,-2.120309,Brierley Hill
55.9024,-3.643118,Bathgate
51.658477,-1.584679,Faringdon
50.15257099999999,-5.066269999999999,Falmouth
56.415157,-5.471047,Oban
53.079044,-0.9599209999999998,Southwell
51.519167,-0.093889,Barbican
40.1198332,-75.1253492,Abington
-34.4661369,-58.713253,Hooke
54.962993,-1.71867,Blaydon-On-Tyne
29.818836,-95.0560404,Highlands
54.212073,-3.272847,Millom
54.58156,-0.9751340000000001,Saltburn-By-The-Sea
54.005996,-0.443377,Driffield
45.0586793,-69.88230589999999,Bingham
52.784237,-0.201566,Pode Hole
51.673015,-0.4610070999999999,Chandlers Cross
51.55247,0.04636999999999999,Manor Park
53.48752349999999,-2.2901264,Salford
55.046389,-1.4512989,Whitley Bay
51.068785,-1.794472,Salisbury
51.75976600000001,-0.5678569000000001,Berkhamsted
43.4642578,-80.5204096,Waterloo
52.30897,-1.940936,Redditch
54.5961775,-1.5630318,Aycliffe
50.8639282,-0.0806349,Falmer
50.718412,-3.533899,Exeter
52.2505049,-1.389719,Southam
51.4443584,-3.4151166,The Vale of Glamorgan
55.1325802,-6.6646102,Coleraine
51.426799,-0.331342,Teddington
51.789534,1.153035,Clacton-On-Sea
51.580559,-0.341995,Harrow
53.777679,-3.042767,Blackpool Airport
53.691688,-1.308648,Pontefract
52.4750743,-1.829833,West Midlands
54.348729,-6.2704803,Banbridge
53.68350299999999,-1.844929,Elland
51.4545635,-0.0732101,East Dulwich
51.211585,-0.568357,Shalford
51.319664,-2.208853,Trowbridge
51.439933,0.154327,Bexley
53.841963,-0.435093,Beverley
54.2492046,-6.9683132,Monaghan
54.9966124,-7.3085748,Derry
53.4876815,-2.0961077,Ashton-Under-Lyne
35.133333,36.75,Ham
52.681784,-2.540885,Wrekin
52.442696,-1.937655,Selly Park
50.390202,-3.920431,Ivybridge
54.972283,-1.52199,Hebburn
50.856908,-2.165353,Blandford Forum
53.7045128,-1.9392793,Sowerby
51.7859365,-1.4850544,Witney
50.864612,0.255234,Hailsham
51.43933,-2.003884,Calne
37.0298687,-76.34522179999999,Hampton
53.38690459999999,-2.3488983,Altrincham
40.8531553,-74.11375370000002,Wallington
52.681602,-1.831672,Lichfield
52.3555177,-1.1743197,South East England
38.87561940000001,-84.61022129999999,Walton West
51.5312257,0.0447685,Central London
51.422671,-0.6766673,Swinley
55.05944599999999,-1.629936,Seaton Burn
51.016684,-4.206666,Bideford
53.4575955,-2.1578377,Greater Manchester
50.43508,-3.564235,Paignton
27.937801,-82.2859247,Brandon
51.449184,-2.516556,Hanham
53.4154747,-2.8257456,Huyton
54.011022,-1.47102,Knaresborough
52.347591,-1.136643,Crick
52.251008,0.29478,Swaffham Prior
51.007591,-0.93899,Petersfield
51.5073509,-0.1277583,West London
53.41063159999999,-2.1575332,Stockport
41.4901024,-71.3128285,Newport
-41.2864603,174.776236,Wellington
51.46708,-0.24214,Barnes
37.4299388,-122.2538557,Woodside
54.663822,-1.678788,Bishop Auckland
50.5036299,-4.6524982,Cornwall
55.070859,-3.60512,Dumfries
43.81120000000001,-79.4236,Thornhill
51.507864,-2.576467,Filton
29.314348,115.756883,East Dean
51.7875779,-3.2043931,Blaenau Gwent
53.487042,-0.5357879999999999,Redbourne
52.87968,-1.4102626,Chellaston
52.411811,-1.77761,Solihull
40.6539892,-75.08656189999999,Bloomsbury
51.53587899999999,0.696966,Westcliff-On-Sea
53.588646,-0.654413,Scunthorpe
31.0560132,-97.46445299999999,Belton
52.53445499999999,-2.424549,Bridgnorth
34.4380637,-117.3681283,Box
50.800602,-3.897245,North Tawton
55.4681007,-4.640050599999999,Ayr Central
39.0256651,-77.0763669,Kensington
51.615786,-0.262034,Edgware
51.389617,-0.4526529999999999,Shepperton
56.206132,-3.4229,Kinross
51.236127,-1.096592,Cliddesden
53.937042,-1.580842,North Rigton
53.6376236,-2.1374319,Great Howarth
51.361047,1.024256,Whitstable
51.410457,-0.833861,Wokingham
51.340402,0.7315959999999999,Sittingbourne
53.34088200000001,0.261071,Mablethorpe
52.766404,-0.887126,Melton Mowbray
51.0427301,-0.8917763999999999,Liss
52.092171,0.159301,Duxford
50.98893,-1.49658,Romsey
55.886883,-3.425237,Kirknewton
52.836709,-1.2801849,Kegworth
50.719164,-1.880769,Bournemouth
40.5862583,-98.38987259999999,Hastings
51.53888999999999,0.14743,Dagenham
52.3417839,-2.277593,Stourport-On-Severn
51.247571,-0.067578,Godstone
53.92899999999999,-1.159,Askham Bryan
41.0017643,-73.66568339999999,Portchester
51.60496740000001,-0.0722785,South Tottenham
51.40066299999999,-0.259263,New Malden
51.38847,-0.416969,Walton-On-Thames
51.5201939,-0.509572,Iver
52.894929,-1.1515709,Ruddington
51.483894,-0.6044027,Windsor Castle
51.685034,0.002723,Waltham Abbey
51.8298321,-1.3161207,Oxford Airport
55.8289139,-3.9221958,North Lanarkshire
53.722777,-0.5068969999999999,North Ferriby
50.9246755,-0.1460982,Hassocks
52.906718,-2.900338,Ellesmere
46.0700915,11.1197626,Trent
52.9384749,1.244207,West Runton
50.85522899999999,-3.391701,Cullompton
51.641856,-2.673804,Chepstow
51.521579,-3.393295,Pontyclun
51.6522994,-0.0807119,Enfield
55.5806165,-5.2108573,Isle Of Arran
51.5069927,-0.1360599,St James's
51.1091401,-0.1872275,Crawley
51.680886,-4.160248,Llanelli
52.135107,-0.9896879999999999,Towcester
51.486073,-0.3101169,Brentford
51.52712,-0.28432,Park Royal
51.369813,-0.488641,Addlestone
51.34012500000001,-0.471357,Byfleet
50.82937399999999,-0.97819,Hayling Island
53.257623,0.119766,Haugh
54.97404599999999,-2.017505,Corbridge
52.033882,-2.423574,Ledbury
51.531797,-0.34622,Greenford
51.40580500000001,-1.266468,Thatcham
40.7127837,-74.0059413,New York
55.863246,-5.415608,Tarbert
51.31068399999999,-0.296968,Ashtead
53.592628,-2.22565,Heywood
51.8655339,-0.182981,Knebworth
53.4630589,-2.2913401,Old Trafford
54.906869,-1.383801,Sunderland
52.504923,-2.015907,Oldbury
41.0025571,-78.4625222,Hyde
51.616419,-0.319686,Stanmore
52.634218,1.344794,Thorpe St. Andrew
33.9986014,-119.8583772,Channel Islands
54.52361,-1.559458,Darlington
55.637652,-4.7834899,Saltcoats
51.943544,-1.542189,Chipping Norton
51.97458530000001,1.3080713,Trimley St. Mary
53.847389,-1.833781,Bingley
53.38999099999999,-3.023009,Birkenhead
54.68528,-5.9645,Newtownabbey
52.69994080000001,-2.0218293,Cannock
56.22298000000001,-2.700539,Anstruther
53.695451,-2.46874,Darwen
51.277283,-0.842655,Fleet
59.9208594,16.606328,Sale
53.3543216,-6.2341133,East Wall
53.35017999999999,-2.251748,Styal
52.7144722,-1.3206111,Bardon Hill
51.41234499999999,-1.517995,Hungerford
54.7195338,-6.2072498,Antrim
51.382807,1.334003,Westgate-On-Sea
51.752725,-0.339436,St. Albans
-27.4239203,152.9999563,Alderley
-33.8868973,151.176639,Camperdown
53.7288968,-1.8702652,Dean Clough Industrial Park
53.10040499999999,-2.4438209,Crewe
51.934731,1.260297,Harwich
53.5409298,-2.1113659,Oldham
51.5823405,-0.6925874,Wooburn Industrial Park
50.71505,-1.987248,Poole
50.768035,0.290472,Eastbourne
55.934161,-3.467681,Broxburn
50.83761000000001,-0.774936,Chichester
52.92392,-1.212394,Beeston
42.1615157,-70.7927832,Norwell
56.588823,-3.345894,Blairgowrie
-37.8150178,144.9460078,Docklands
51.58712999999999,-0.16499,East Finchley
52.209044,1.57408,Leiston
51.221491,-2.402474,Chantry
-19.0552009,29.6035495,East Midlands
52.857864,1.038239,Melton Constable
53.6009725,-2.8120623,Lathom
-43.5320544,172.6362254,Christchurch
52.749212,-1.468618,Ashby-De-La-Zouch
52.215855,1.488056,Saxmundham
51.732161,-3.135369,Abertillery
51.20428,-3.481152,Minehead
51.480818,0.174675,Erith
56.440473,-2.940732,Newport-On-Tay
56.706922,-2.466115,Montrose
55.0677681,-3.6128189,Dumfries & Galloway
51.07661,-0.801777,Liphook
40.80650809999999,-120.3659601,West Ravendale
51.48257659999999,-0.0076589,Greenwich
51.4066959,-0.23224,Raynes Park
52.09214900000001,-1.94677,Evesham
52.15473799999999,-0.7013779,Olney
51.487453,-0.475554,Harmondsworth
51.582071,0.706515,Rochford
51.376165,-0.098234,Croydon
52.45599499999999,-1.199159,Lutterworth
33.5442781,-84.23380929999999,Stockbridge
51.386491,-0.509456,Chertsey
40.68625189999999,-0.3219053,Bordon
48.1949785,-96.89728889999999,March
54.95268,-1.603411,Gateshead
52.2545225,-2.2668382,Worcestershire
51.389686,-0.339189,Thames Ditton
53.48380599999999,-2.0500759,Stalybridge
51.3614279,-0.193961,Sutton
51.5054306,-0.0235333,Canary Wharf
51.54283,-2.0539736,Great Somerford
50.8801113,-1.8756488,Verwood
41.7667602,-73.9015246,Hyde Park
55.51023130000001,-1.7118248,Doxford
53.282872,-3.82948,Conwy
51.655942,0.068161,Loughton
53.38112899999999,-1.470085,Sheffield
40.723301,-74.0029883,Soho
51.51053839999999,-0.5950405999999999,Slough
55.378051,-3.435973,UK
51.7325041,-1.232563,Iffley
50.8279319,-0.168749,Hove
50.800657,-1.984495,Wimborne
55.82012950000001,-3.797864,Shotts
51.862693,-2.489453,Mitcheldean
51.4659863,-1.2814014,West Berkshire
51.532222,-0.324477,Perivale
53.2622917,-1.4298003,Whittington Moor
51.38964600000001,1.3868339,Margate
52.6695629,-0.726625,Oakham
51.187592,-3.0878899,Stockland Bristol
51.880087,0.5509269,Braintree
37.5407246,-77.4360481,Richmond
51.8116533,-2.7163045,Monmouth
-33.906292,-60.56336209999999,Annan
44.8832856,-108.4695651,Cowley
51.502985,-0.4654099999999999,West Drayton
53.19426199999999,-2.51967,Winsford
45.345273,-72.571197,Shefford
57.15562300000001,-2.277129,Westhill
51.280233,1.0789089,Canterbury
51.61294,0.184038,Havering-Atte-Bower
52.347568,0.5156094999999999,Mildenhall
51.4784037,0.3230151,Grays
51.55577390000001,-1.7797176,Swindon Village
51.132377,0.263695,Tunbridge Wells
51.385993,0.113061,St. Mary Cray
53.444858,-2.27829,Chorlton Cum Hardy
42.5319998,-73.7985008,Selkirk
51.4612794,-0.1156148,Brixton
55.76435240000001,-4.1769988,East Kilbride
55.874917,-3.106337,Bonnyrigg
53.454594,-2.852907,Knowsley
51.32878299999999,-0.410856,Cobham
51.49319000000001,-0.04749,Surrey Quays
51.4605741,-0.2171801,Putney
55.8298581,-4.5428385,Renfrewshire
55.95647599999999,-4.771983,Greenock
53.795984,-1.759398,Bradford
51.43144299999999,-2.189674,Corsham
55.830932,-3.224533,Penicuik
55.5243038,-3.7035077,South Lanarkshire
51.374843,0.09421399999999999,Orpington
53.5503519,-2.77637,Skelmersdale
55.65591999999999,-4.703117000000001,Kilwinning
51.389636,0.08195,Petts Wood
55.423471,-1.676136,Denwick
51.40081,-1.173704,Woolhampton
51.82593199999999,-2.415232,Westbury-On-Severn
51.631068,-0.151271,East Barnet
50.8697919,-2.963316,Chard
53.372449,-3.038364,Prenton
54.283113,-0.399752,Scarborough
52.569354,1.115305,Wymondham
53.4083714,-2.9915726,Liverpool
50.816667,-1.083333,Portsmouth
52.394588,-0.535859,Thrapston
51.2944249,0.408784,West Malling
51.611309,0.52068,Wickford
51.45334099999999,0.13822,Bexleyheath
53.44325500000001,-2.998895,Bootle
50.502332,-4.315735,Callington
53.235048,-1.421629,Chesterfield
53.5933498,-2.2966054,Bury
53.52282,-1.128462,Doncaster
51.64761499999999,-0.35842,Bushey
54.900992,-1.577429,Birtley
51.638511,-0.8078596,Wycombe
52.18268,0.222039,Fulbourn
50.7335769,-2.758301,Bridport
51.069358,0.689122,Tenterden
58.438936,-3.093716,Wick
55.8292247,-3.1338428,Midlothian
55.07203000000001,-6.51699,Ballymoney
51.59027,-0.10293,Turnpike Lane
54.269066,-1.53978,Theakston
52.370878,-1.265032,Rugby
51.4700223,-0.4542955,Heathrow
52.9225301,-1.4746186,Derby
51.059771,-1.310142,Winchester
51.815606,-0.8084,Aylesbury
51.3086421,-0.0824998,Whyteleafe
51.511073,-0.377232,Southall
52.2620588,-2.1478884,Droitwich
50.829533,-0.337416,Sompting
53.162856,-2.218923,Congleton
34.0928092,-118.3286614,Hollywood
52.203742,-3.029048,Kington
55.2701113,-4.6524183,South Ayrshire
52.74012279999999,-1.1405925,Leicestershire
50.101593,-5.274996,Helston
34.753701,-92.3788939,West Markham
41.6861794,-72.5450779,Glastonbury
51.240523,-0.267364,Betchworth
55.7113902,-4.729983400000001,North Ayrshire
53.263113,-0.7814909999999999,Dunham-On-Trent
51.438798,-3.173507,Penarth
51.016818,-3.832119,South Molton
50.81787,-0.372882,Worthing
52.57038499999999,-1.824042,Sutton Coldfield
-41.0291733,175.5235181,Carterton
50.782998,-0.673061,Bognor Regis
44.518056,-72.349722,Hardwick
53.06147199999999,-1.483764,Ambergate
50.966414,0.09591300000000001,Uckfield
53.258663,-2.119287,Macclesfield
56.49067119999999,-4.2026458,Scotland
57.136416,-2.080693,Torry
52.89811599999999,-1.865801,Uttoxeter
53.324061,-3.827609,Llandudno
56.462018,-2.970721,Dundee
39.0389185,-84.58023089999999,Springside
52.585017,-2.057635,Willenhall
53.328,-2.229409,Wilmslow
43.16103,-77.6109219,Rochester
55.2082542,-2.0784138,Northumberland
53.342078,-2.729673,Runcorn
54.978252,-1.61778,Newcastle Upon Tyne
53.30227900000001,-1.467959,Dronfield
50.874252,-2.1155691,Blandford Camp
53.025961,-2.1765439,Hanley
51.4876272,-0.2671732,Chiswick
51.44011,0.764158,Sheerness
38.4328317,-90.3776187,Arnold
52.633584,-1.691032,Tamworth
47.4502499,-122.3088165,Sea
51.6311279,0.001313,Chingford
53.797,-1.663,Pudsey
52.935673,-1.134017,West Bridgford
53.707167,-2.201259,Bacup
51.280798,-0.558296,Sutton Green
53.630955,-0.265186,South Killingholme
56.559107,-2.591543,Arbroath
51.76683689999999,0.4757762,Essex
51.141073,-0.483985,Cranleigh
51.396531,0.177326,Swanley
51.4396281,-2.5466573,Brislington
53.645792,-1.785035,Huddersfield
51.38029,-0.24468,Worcester Park
50.40920999999999,-4.21643,Saltash
53.707105,-1.2437419,Knottingley
52.66792,-2.3745599,Shifnal
53.4433284,-1.948907,Glossop
50.6980043,-2.2285788,Bovington
54.34875,-6.65161,Armagh
55.20142999999999,-6.255179999999999,Ballycastle
53.9603271,-1.5455712,Burn Bridge
51.531786,-0.1770044,St John's Wood
52.2429228,0.7104931999999999,Bury St. Edmunds
51.867506,0.361321,Dunmow
51.204629,-2.181078,Warminster
51.360343,-0.697894,Bagshot
54.106638,-2.790823,Bolton Le Sands
34.1014873,-84.5193754,Woodstock
51.869052,0.158605,Bishop's Stortford
53.034152,-1.20289,Hucknall
55.641817,-4.760409999999999,Stevenston
54.545284,-1.923741,Barnard Castle
51.5117321,-0.1232697,Covent Garden
51.702655,-0.70319,Great Missenden
52.27299439999999,-0.8755514999999999,Northamptonshire
51.601327,-1.288948,Harwell
53.426521,-3.066215,Wallasey
49.465691,-2.585278,Guernsey
51.4138764,-0.0517034,Penge
56.335054,-2.8063431,St. Andrews
53.4720649,-2.9963154,Litherland
51.2143767,-2.328651,Little Keyford
51.316774,-0.5600349,Woking
51.5758719,-0.421236,Ruislip
54.136836,-0.7978970000000001,Malton
55.600029,-2.432207,Kelso
52.679936,-1.921781,Burntwood
37.2387135,-82.7732132,Deane
51.60704,-0.12421,Bounds Green
54.75151,-5.99968,Ballyclare
52.689224,-1.277134,Markfield
51.181769,-3.329177,Watchet
52.83252,-1.218432,West Leake
51.214321,-0.798802,Farnham
51.556619,0.076251,Ilford
51.945073,0.6390319999999999,Halstead
50.84999999999999,0.47,Bexhill-On-Sea
52.512255,-2.081112,Dudley
55.126957,-1.510277,Blyth
53.5574314,-0.0916546,Bargate
51.5073509,-0.1277583,East London
51.270363,0.522699,Maidstone
53.309441,-4.633038,Holyhead
50.738308,-4.004263,Okehampton
53.8215889,-0.7189977,East Riding
55.9070198,-3.5517167,West Lothian
52.2300836,-0.265103,St. Neots
51.44458100000001,-0.335246,Twickenham
57.688106,-4.172882,Invergordon
53.511443,-2.3462325,Swinton
51.8072204,-0.8127664,Buckinghamshire
51.2111975,-1.4919233,Andover
45.0471776,-108.2537268,Bar Hill
55.862385,-3.203278,Edinburgh Technopole
51.5255162,0.0352163,Newham
51.5351832,-0.4481378,Hillingdon
50.902049,-3.491207,Tiverton
37.8715926,-122.272747,Berkeley
53.55184999999999,-0.491887,Brigg
50.891854,-4.095316,Merton
51.628611,-0.7482289999999999,High Wycombe
42.2139284,-83.19381469999999,Southgate
51.44414800000001,-0.410772,Feltham
51.767787,0.087806,Harlow
54.991512,-1.529375,Wallsend
51.6092549,0.0405521,Woodford Green
50.8225495,-0.3924694,Tarring
41.4136061,-95.89834499999999,Ascot
44.9236819,-71.5553619,Lemington
53.446622,-2.308713,Stretford
46.19140059999999,-122.1955509,St. Helens
53.499663,-2.3089082,Irlams O' Th' Height
57.693352,-2.007631,Fraserburgh
51.696636,-0.175948,Potters Bar
55.12224500000001,-3.349008,Lockerbie
51.06085299999999,0.165894,Crowborough
54.536241,-1.049544,Guisborough
51.94921,-0.283414,Hitchin
-36.2692924,143.3510041,Charlton
53.12830890000001,-3.3371083,Denbighshire
-41.4261807,147.1124679,Launceston
52.4342169,-0.281978,Sawtry
55.770242,-2.005395,Berwick-Upon-Tweed
54.25035949999999,-1.4708553,North Yorkshire
53.428674,-2.804564,Prescot
39.0916586,-104.872758,Monument
51.222491,1.401661,Deal
53.59673,-1.2831,South Elmsall
51.3651989,-1.088973,Mortimer West End
52.5581179,-0.1300956,Whittlesey
52.190713,-2.50872,Bromyard
51.41833889999999,-0.2206288,Wimbledon
52.970142,-1.306978,Ilkeston
50.9514562,-1.3577022,Southampton International Airport
51.303663,-2.847222,Winscombe
51.457942,-0.47427,Stanwell
53.294057,-2.148725,Prestbury
51.978689,-2.43732,Dymock
52.0395851,-0.8035785,Two Mile Ash
50.7734669,0.101108,Seaford
52.3555177,-1.1743197,South West England
56.4145042,-3.4554285,Argyll & Bute
51.712978,-2.332568,Coaley
51.55170589999999,-0.1588255,Camden
53.686675,-0.443368,Barton-Upon-Humber
57.076668,-2.780312,Aboyne
48.57109579999999,-97.1778485,Drayton
52.117607,-1.970956,Chadbury
51.684912,-3.229699,Bargoed
52.81402809999999,-1.6371359,Burton-On-Trent
52.449845,-2.050526,Halesowen
53.31914099999999,-3.491634,Rhyl
-37.8010469,144.9698607,Carlton
51.525129,-0.7908029999999999,Burchetts Green
51.91445,-2.582446,Ross-On-Wye
51.536563,0.075766,Barking
51.804213,-1.310194,Yarnton
57.28347400000001,-2.373995,Inverurie
51.823398,-1.290459,Kidlington
42.3917638,-71.0328284,Chelsea
53.653511,-2.632596,Chorley
54.236107,-4.548056,Isle Of Man
51.090113,-1.165786,Alresford
55.495587,-4.6142139,Prestwick
30.6938049,-85.3921505,Alford
-37.4713077,144.7851531,Victoria
-37.5573009,175.1592664,Huntly
56.246793,-3.15708,Freuchie
51.176981,-0.014126,Lingfield
51.6744979,-3.4687081,Rhondda Cynon Taff
53.5756683,-1.4487965,Yorkshire and Humberside
51.5110287,-0.205389,Notting Hill
52.761515,-1.935967,Rugeley
52.215311,-1.867605,Alcester
50.38577799999999,-4.225112999999999,Antony Estate
55.625474,-3.015892,Walkerburn
51.248366,-0.7557509,Aldershot
51.3353899,-0.742856,Camberley
56.1165227,-3.9369029,Stirling
50.994405,-3.082239,Shoreditch
-17.6688624,141.0805199,Normanton
53.7892877,-2.2405035,Burnley
51.09739099999999,0.033222,Forest Row
52.33146,-0.182552,Huntingdon
52.912524,-0.643582,Grantham
53.717028,-1.635083,Batley
52.5864845,-2.7037501,Shropshire
51.339228,-0.119711,Purley
53.5450645,-2.6325074,Wigan
55.151418,-1.6005339,Scotland Gate
53.309302,-1.122745,Worksop
42.99947179999999,-83.6163423,Burton
51.832802,-0.212348,Welwyn
52.499599,-1.706495,Coleshill
51.0587013,-2.9499066,Somerset
54.127363,-2.768112,Carnforth
54.5974636,-1.0779515,Redcar
53.1563141,-1.5750216,Hackney
41.4570108,-72.8230736,Wallingford
51.5946799,-3.784097,Port Talbot
53.702941,-0.876381,Goole
51.582362,-0.5575,Gerrards Cross
52.9389139,0.491032,Hunstanton
52.24169999999999,-3.377742,Llandrindod Wells
53.410646,-2.259419,Northenden
51.357428,-0.09825099999999999,South Croydon
52.37649099999999,1.108394,Diss
51.386322,0.551438,Gillingham
52.1872472,0.9707800999999999,Suffolk
51.4773433,-0.2016817,Fulham
50.954469,-0.128701,Burgess Hill
40.0378755,-76.3055144,Lancaster
-27.4819254,153.0230107,South Bank
53.1081689,-1.340708,South Normanton
52.46125199999999,-1.51511,Ash Green
53.723048,-1.707525,Cleckheaton
50.783565,-1.085559,Southsea
50.8485889,-1.241713,Titchfield
51.60804400000001,-1.24484,Didcot
53.39672700000001,-2.31927,West Timperley
42.7762015,-71.0772796,Haverhill
51.60077399999999,-3.342314,Pontypridd
50.52890499999999,-3.608359999999999,Newton Abbot
53.482449,-2.340598,Eccles
22.220422,114.2126685,Stanley
51.80978229999999,-0.2376744,Hertfordshire
50.89031199999999,-1.028751,Waterlooville
51.23622,-0.570409,Guildford
41.7052868,-97.2380953,Leigh
52.367749,-2.7139129,Ludlow
53.493099,-1.280452,Mexborough
52.5094179,-1.938412,Handsworth
54.978252,-1.61778,Newcastle
50.8433024,-1.0742463,Cosham
51.535764,-0.902894,Henley-On-Thames
54.13564,-1.527334,Ripon
43.53253720000001,-79.87448359999999,Halton
27.2435676,-80.9119039,Park Street
52.79010160000001,-0.1537024,Spalding
52.442696,-1.937655,Selly Oak
44.0288803,-88.16287849999999,Chilton
51.70494799999999,-4.948318,Neyland
51.85599999999999,0.436,Felsted
50.608277,-1.960769,Swanage
53.4640538,-2.2363046,Manchester Science Park
54.9799363,-7.287333599999999,Altnagelvin
51.5622599,-0.0454672,Lea Bridge
52.04965499999999,-1.7832211,Chipping Campden
43.4367466,-71.1722886,New Durham
51.47,-2.576,St. Werburghs
51.34740499999999,-2.977255,Weston-Super-Mare
49.214439,-2.13125,Jersey
54.574227,-1.234956,Middlesbrough
41.8935946,-87.6721671,West Town
51.5473039,-0.142005,Kentish Town
52.56559499999999,-2.074088,Bilston
54.5772323,-2.7974835,Cumbria
54.5977149,-7.3099596,Omagh
53.016626,-1.732179,Ashbourne
53.871098,-2.393083,Clitheroe
52.5361674,-2.010793,Sandwell
52.150023,-3.404592,Builth Wells
52.441465,-0.822557,Desborough
53.3976041,-2.9436643,Merseyside
51.399212,0.004141,Shortlands
51.4264863,0.1009392,Sidcup
51.5556715,-0.1762025,Hampstead
51.588868,-1.426453,Wantage
50.687817,-2.110981,Wareham
54.191009,-2.910688,Grange-Over-Sands
52.91328,-1.116497,Edwalton
51.55577390000001,-1.7797176,Swindon
52.188902,0.9977119999999999,Stowmarket
53.091157,-1.322114,Pinxton
51.517732,0.194831,Rainham
51.48158100000001,-3.17909,Cardiff
51.0046,-2.198083,Shaftesbury
51.60278539999999,-0.191554,Finchley
56.00187750000001,-3.7839131,Falkirk
56.114407,-3.341848,Cowdenbeath
52.65940699999999,1.073288,East Tuddenham
50.171311,12.1339323,Selby
50.917405,0.483679,Battle
55.99000299999999,-3.399045,Queensferry
51.961726,1.351255,Felixstowe
53.925486,-1.822817,Ilkley
51.5509075,-0.5214626,Iver Heath
52.2257,-2.742772,Leominster
51.420845,-0.168075,Tooting
52.3237,-0.374849,Stow Longa
51.022149,-0.353682,Southwater
29.7604267,-95.3698028,Houston
51.404683,-1.550909,North Standen
26.9761707,-82.09064479999999,Port Charlotte
57.346877,-7.27952,West Gerinish
50.7776736,-1.832453,Bournemouth International Airport
53.676332,-0.382574,Barrow-Upon-Humber
54.69772099999999,-1.58552,Spennymoor
50.184996,-5.077382,Mylor Bridge
51.267323,-0.862966,Crookham Village
51.617386,-0.6010289999999999,Seer Green
45.65804379999999,-91.5558996,Birchwood
55.9591984,-4.8168799,Gourock
51.662231,0.8300689,Southminster
35.6097499,-95.56666709999999,Ash
53.499558,-2.184666,Newton Heath
51.48813999999999,-0.05465,South Bermonsey
51.5498969,-0.0980629,Highbury
51.343801,-1.132169,Tadley
-26.18263,28.00397,Auckland Park
50.731072,-3.4162507,Exeter Airport
54.42385600000001,-3.506257,Sellafield
33.2190085,-91.98596649999999,Whistlow
28.0836269,-80.60810889999999,Melbourne
32.7766642,-96.79698789999999,Dallas
58.5781491,-3.3332393,Tain
51.83692500000001,-1.271098,Hampton Poyle
51.316221,-0.743239,Frimley
54.515736,-3.536742,Moor Row
51.575543,-3.054328,Bassaleg
52.10677,-0.464828,Elstow
51.825303,-2.5009579,Cinderford
50.729952,-1.163282,Ryde
51.467121,-0.329003,Isleworth
54.08535,-0.198802,Bridlington
48.5603051,-122.3980367,Bow
58.593566,-3.52208,Thurso
51.51000209999999,-3.7019188,South Cornelly
53.503445,-2.970359,Sefton
-33.6356669,150.2853372,Blackheath
53.124402,-3.280332,Llanbedr Dyffryn Clwyd
54.601276,-3.134706,Keswick
52.15446069999999,-9.5668632,Kerry
43.683333,-79.766667,Brampton
51.50613999999999,-0.610889,Chalvey
51.893406,-0.060317,Haultwick
55.477721,-2.5549369,Jedburgh
50.892059,-0.959088,Rowland's Castle
50.955211,-0.724005,Heyshott
51.51522,-0.14188,Oxford Circus
51.74347299999999,-0.021151,Broxbourne
52.067105,-0.609437,Cranfield
51.54664,-0.19103,West Hampstead
54.179514,-2.841126,Far Arnside
51.405904,-1.291429,Benham Hill
44.9630216,-92.9649361,Oakdale
51.518,-0.136,Fitzrovia
51.683487,0.562337,East Hanningfield
51.254494,-0.333089,Westhumble
54.4513524,-7.7125018,Fermanagh
52.015347,-0.26326,Arlesey
36.778261,-119.4179324,California
52.41530299999999,-4.08292,Aberystwyth
52.9106629,-1.4467433,Pride Park
51.360163,1.432038,Broadstairs
52.4379687,0.6043381,Mile End
51.403928,-0.412932,Sunbury-On-Thames
52.4608009,-1.914995,Edgbaston
57.511548,-3.2483773,Moray
53.9926007,-8.0655852,Leitrim
51.52195,-0.7184707,Windsor & Maidenhead
51.846509,-2.1608329,Brockworth
51.838997,-2.6631079,The Doward
51.1458781,-0.1826472,Lowfield Heath
51.626435,-2.368647,Kingswood
40.8067316,-79.96478019999999,Renfrew
54.6397427,-5.7105256,North Down
52.26682,-0.752765,Earls Barton
41.4726524,-87.70437919999999,Marske
57.595347,-4.428411,Dingwall
51.6888999,-0.4183,Leavesden
55.90070799999999,-3.518068,Livingston Village
51.72060829999999,-0.2994947000000001,London Colney
53.7793761,-1.7886224,The Upper Wyke
52.998337,-3.944893999999999,Blaenau Ffestiniog
52.817421,-0.8150039,Waltham On The Wolds
-35.0151752,138.735877,Aldgate
54.38367599999999,-3.420524,Holmrook
52.89754,-1.42319,Alvaston
51.7296285,-2.1391829,France Lynch
53.12020039999999,-0.8109909,North Muskham
51.5601569,-0.774706,Bisham
39.86481939999999,-75.4257325,Aston
56.4610356,-3.0521692,Dundee Technology Park
51.2747756,-0.9752007999999999,Hook Common
51.4525252,-0.2292792,Putney Heath
51.9183049,-1.455303,Enstone
52.5688204,-1.5282599,Mancetter
51.714306,-5.042697,Milford Haven
44.951935,-68.67401199999999,Old
51.532291,-2.546212,Bradley Stoke
41.6264936,-70.9386483,St Lukes
51.511,-0.01311,All Saints
51.6632589,-0.0029359,Sewardstone
58.936601,-2.743876,Orkney
51.658232,-0.8962720000000001,Stokenchurch
53.100963,-1.269612,Kirkby-In-Ashfield
35.2998913,-90.8294002,The Cross
51.804963,-2.4516969,Newnham
50.37264649999999,-4.8991647,Central Treviscoe
50.7343678,-2.7670384,West Allington
37.5342187,-77.12097519999999,Quinton
52.992146,-2.098666,Weston Coyney
51.453886,-0.245483,Roehampton
42.4584292,-71.0661633,Melrose
33.235679,-88.4250393,Cliftonville
51.145276,0.324949,Pembury
50.82877999999999,-1.353232,Fawley
51.24144889999999,-1.6644823,Tidworth
37.3517789,-81.7987249,Bradshaw
51.36690100000001,-0.795353,Crowthorne
46.1783075,7.806779199999998,Eye
51.474191,-0.06913699999999999,Peckham
36.140751,-5.353585,Gibraltar
57.053856,-2.49096,Banchory
50.33499,-4.636525,Fowey
51.453461,-0.437216,Bedfont
18.2277413,-76.8158718,Broadgate
54.10274459999999,-0.897849,Welburn
51.512039,0.001899,Leamouth
52.32559999999999,-0.613059,Irthlingborough
38.342655,-87.78434,Skelton
52.375901,-1.885576,Wythall
39.9606653,-75.7255192,West Bradford
53.745894,-0.868877,Howden
51.5879959,-1.397024,West Lockinge
52.82638499999999,-1.584243,Newton Solney
53.146403,0.337881,Skegness
51.7201439,-0.2072336,North Mymms
-51.796253,-59.523613,Falkland
50.958624,-2.378667,Stalbridge
51.10803900000001,-4.161014,Braunton
52.90935899999999,1.086747,Holt
51.5269736,-0.0667204,Bethnal Green
51.4837176,-0.5251593,Colnbrook
53.732072,-0.980186,Drax
42.2418172,-70.889759,Hingham
53.521016,-1.399319,Wombwell
51.595172,-0.378002,Pinner
51.44072,-0.09135,West Dulwich
53.448717,-2.374697,Urmston
51.792888,-3.988459,Ammanford
51.856324,-4.8352769,Clarbeston
51.1221926,-0.2119521,Ifield
50.645627,-4.282801,Lifton
32.3668052,-86.2999689,Montgomery
53.91301499999999,-2.186918,Barnoldswick
56.502565,-2.70325,Carnoustie
51.51745,-0.21037,Ladbroke Grove
51.72329999999999,0.8946069999999999,Bradwell-On-Sea
50.984512,-0.8648,Nyewood
51.3313,0.445068,Snodland
43.5182991,-79.8774042,Milton
53.29318199999999,-3.72764,Colwyn Bay
53.782081,-0.413978,Cottingham
51.365018,-0.164921,Carshalton
51.54998699999999,-0.023801,Hackney Wick
51.427313,-0.351431,Hampton Hill
13.1789915,-59.5224748,Sherbourne
51.460893,0.165643,Barnehurst
51.5019482,-0.1593179,Knightsbridge
53.535195,-1.172871,Scawsby
54.40392,-5.89403,Ballynahinch
52.00158099999999,-4.265751,Pencader
52.7524019,-1.148755,Barrow Upon Soar
40.7371524,-114.0375102,Wendover
50.3562269,-4.455232,Looe
51.67078,-1.2879529,Abingdon
54.303976,-1.556671,Leeming Bar
53.674814,-1.356949,Featherstone
51.1689239,-0.19164,Hookwood
54.6063807,-6.7236773,Tullyhogue
53.783501,-1.534716,Hunslet
52.455457,1.443976,Bungay
52.451249,1.0402849,Banham
51.43360999999999,-0.257451,Kingston Vale
51.867828,-0.456651,Caddington
50.54703300000001,-3.496688,Teignmouth
51.81934099999999,-4.498791,St. Clears
51.3624409,-0.858333,Finchampstead
53.166472,-1.189765,Mansfield Woodhouse
54.715131,-1.743545,Crook
53.179177,-3.335308,Llandyrnog
50.622055,-4.682364,Camelford
40.0491184,-74.5626697,Cookstown
52.9286389,-1.272719,Stapleford
51.5429188,-3.3749525,Llantrisant
51.6380709,-1.856351,Cricklade
54.187106,-0.532088,Sherburn
52.986554,-1.037903,Burton Joyce
39.3398382,-74.5751557,Linwood
50.8120712,-0.09854489999999999,Brighton Marina Village
51.183917,-0.5247619,Shamley Green
53.478764,-2.094523,Dukinfield
40.6469982,-83.60965159999999,Kenton
51.517083,0.578411,Canvey Island
53.27422,-1.2652699,Clowne
51.668935,-3.195787,Blackwood
53.89507,-0.5308419999999999,South Dalton
53.302051,-2.19328,Mottram St. Andrew
56.03829200000001,-5.432345000000001,Lochgilphead
51.6458299,-0.452023,Croxley Green
53.716344,-2.0987969,Todmorden
51.5038037,-1.1230032,Lower Basildon
52.052738,-0.891088,Deanshanger
53.151585,-0.218147,Woodhall Spa
51.46026269999999,0.7194676,Isle Of Grain
51.035571,-3.065905,Monkton Heathfield
55.876406,-3.149354,Loanhead
39.515,-106.65583,Fulford
57.58642200000001,-3.868475,Nairn
52.822699,1.3859729,North Walsham
52.26584,0.371772,Exning
51.588883,-1.262279,West Hagbourne
52.686023,-0.9795759999999999,South Croxton
52.803991,0.013434,Holbeach
44.3731103,-71.6101011,Whitefield
51.54367999999999,-0.17487,Swiss Cottage
33.5624269,-86.754126,Birmingham International Airport
52.931448,1.301866,Cromer
37.4613272,-122.197743,Atherton
55.909243,-4.462418,Erskine
52.912432,-1.241604,Chilwell
55.33520799999999,-3.440337,Moffat
51.672738,-4.703579,Tenby
54.825544,-3.161231,Wigton
52.6583014,-0.639643,Rutland
51.893778,-1.116269,Launton
-37.8068202,145.0310067,Kew
52.979874,-2.590159,Burleydam
52.540698,-2.803484,Church Stretton
50.842992,-1.101002,Port Solent
51.61028899999999,-0.428278,Northwood
52.0606549,-1.622814,Shipston-On-Stour
50.819068,-0.616725,Yapton
54.75639,-6.60636,Magherafelt
42.3900712,-72.1063349,Well
53.873712,-3.0213709,Thornton-Cleveleys
51.4143555,-2.4968407,Bath & N E Somerset
53.214479,-0.5191559,Canwick
51.396747,-0.105523,Thornton Heath
52.9563599,-1.086378,Colwick
51.856479,-3.13551,Crickhowell
53.4329349,-1.1093635,Tickhill
52.590273,-3.853485,Machynlleth
50.114766,-5.443684,Perranuthnoe
53.147852,-4.194649,Llanrug
53.48121,-2.891012,Kirkby
51.0607119,0.0365345,Wych Cross
50.45552,-4.464719,Liskeard
52.56949849999999,-0.2405299,Peterborough
52.548342,-1.931948,Great Barr
53.68897130000001,-2.332052,Helmshore
53.167203,-3.141903,Mold
50.948076,-2.810525,South Petherton
53.949407,-2.162121,West Marton
50.81917499999999,-4.072401,Hatherleigh
53.459498,-2.013286,Mottram
50.516654,-4.836456,Wadebridge
54.08971,-2.8116979,Hest Bank
50.344434,-5.154444,Perranporth
52.386387,-1.732061,Knowle
52.717982,1.064006,Lyng
52.0205138,-0.6947091,Walnut Tree
57.60979099999999,-3.61998,Forres
57.891538,-4.344874,Bonar Bridge
52.343264,1.502642,Halesworth
53.414134,-2.204252,Heaton Mersey
51.680419,-0.4988110000000001,Sarratt
51.8611689,-2.204252,Barnwood
51.118842,-0.8449629999999999,Lindford
55.0203905,-7.3317711,St. Columb
42.0548167,-72.7703724,Southwick
53.45482999999999,-2.31063,Trafford Park
44.2864508,-74.9754731,Newbridge
51.993927,-4.975989000000001,Fishguard
51.462058,-0.580836,Old Windsor
54.323629,-2.528174,Sedbergh
52.303689,-1.822576,Ullenhall
51.4966118,-0.0146551,Isle Of Dogs
58.213994,-6.321857,Stornoway
55.20506,-6.52346,Bushmills
53.497904,-2.23091,Collyhurst
55.800878,8.493355,Lyne
52.1511,-0.526195,Bromham
55.35302,-4.679055,Maybole
52.678299,-2.175169,Brewood
40.8527699,-94.1952307,Tingley
51.662244,-3.930297,Morriston
51.898763,-0.1707639,Furzedown
52.92924,-4.067134,Penrhyndeudraeth
53.532996,-2.580635,Hindley
54.9728909,-1.7629735,Ryton
51.44107200000001,0.33694,Northfleet
53.920061,-0.934786,Elvington
38.9489593,-83.40574579999999,Peebles
51.239256,0.7206549999999999,Lenham
52.71701100000001,-1.051701,East Goscote
51.915887,1.222613,Little Oakley
54.96029900000001,-4.483163999999999,Newton Stewart
51.4636064,-0.0360918,Brockley
51.52412500000001,-1.787932,Wroughton
51.430044,-0.569947,Englefield Green
54.30710000000001,-5.84162,Seaforde
51.771362,-1.066675,Worminghall
51.5217669,-1.127205,Goring
53.836607,-1.785755,Saltaire
51.410973,-2.732413,Backwell
51.691894,-4.943763,Pembroke Dock
51.337352,-0.503315,West Byfleet
52.66345,1.10838,Honingham
53.284355,-3.581405,Abergele
52.292549,-1.779866,Henley-In-Arden
52.8911832,-2.4803334,Pell Wall
52.2231979,0.225319,Stow-Cum-Quy
53.428481,-0.180255,Binbrook
52.318362,1.273321,Stradbroke
52.2513031,0.1185319,Impington
51.5901769,-0.0173437,Walthamstow
53.019049,-2.7673359,Malpas
53.1889252,-1.6184184,Rowsley
52.112903,-4.078508999999999,Lampeter
53.8445,-1.5339,Moortown
34.1744603,-114.2713396,Bluewater
42.433333,-122.833889,White City
38.2462852,-90.586778,Edge
50.824012,0.243813,Polegate
52.32562799999999,1.680181,Southwold
53.539253,-2.374366,Kearsley
53.3923,-2.264,Wythenshawe
51.46209,-3.449581,Cowbridge
52.105251,1.1125529,Claydon
52.4081033,-1.8259501,Blythe Valley Park
51.591518,-2.750868,Caldicot
51.666818,-1.078599,Chalgrove
54.6427,-5.53848,Donaghadee
51.997395,-3.797508,Llandovery
56.002087,-2.516737,Dunbar
52.195988,-0.300554,Wyboston
54.5913787,-5.693170299999999,Newtownards
51.476798,-0.966547,Caversham
52.307662,-2.596406,Tenbury Wells
51.325992,-2.863389,Banwell
52.927842,-4.133384,Porthmadog
55.988747,-2.6592539,East Linton
52.574344,-1.163394,Blaby
38.6425518,-90.32372629999999,Clayton
50.80921499999999,-4.353993,Holsworthy
39.309952,-117.877403,Eastgate
53.367016,-1.53769,Fulwood
51.58831,-0.05989999999999999,Tottenham Hale
51.2312349,-3.8312548,Lynmouth
50.685956,-1.0835189,Bembridge
51.7615539,-3.40297,Cefn Coed
51.856398,-1.433889,Stonesfield
53.150017,-2.435163,Warmingham
52.72515500000001,-2.116372,Penkridge
50.185467,-5.42091,Hayle
55.941941,-3.053918,Musselburgh
55.422988,-1.890258,Glanton
57.1828349,-2.1397226,Danestone
51.926861,0.9831129999999999,Ardleigh
55.837324,-4.513915,Johnstone
52.27838999999999,1.626149,Dunwich
50.90504,-1.064882,Denmead
52.614,-2.0162,Bloxwich
51.916201,-0.614494,Eggington
50.9883117,0.8595567,Romney Marsh
51.800133,-0.396403,Redbourn
50.23758,-3.769791,Salcombe
53.39608699999999,-1.50013,Walkley
51.5556715,-0.1762025,South Hampstead
52.4850266,-3.4368855,Llandinam
50.925142,-2.304642,Sturminster Newton
54.508427,-3.520551,Cleator
51.4939421,-2.4809537,Emersons Green
45.0389565,-79.3078787,Bracebridge
53.911897,-1.9377286,Silsden
54.221676,-1.730391,Healey
43.1812107,-95.8569539,Sheldon
53.692191,-1.78838,Rastrick
51.974284,-4.646704,Crymych
51.481971,0.369876,Chadwell St. Mary
50.92054479999999,-1.4537545,Chiltern Green
51.736261,-4.3074709,Kidwelly
51.288834,-0.356219,Fetcham
51.1948099,-0.55903,Bramley
57.87907,-4.028026,Dornoch
38.4200892,-82.0554159,Culloden
53.775947,-2.475548,Brownhill
56.9789744,-7.4886541,Isle Of Barra
51.4173171,0.7441736000000001,Queenborough
52.047753,1.4298709,Hollesley
55.623396,-3.523964,Biggar
53.86283299999999,-0.66049,Market Weighton
50.21277,-5.2947749,Camborne
55.8090147,-5.075863399999999,Isle Of Bute
60.346957,-1.23566,Shetland
34.1425438,-109.9603843,Lakeside
50.929798,-0.269507,Henfield
44.9963986,-93.0615978,Ramsey
51.562038,-2.6616749,Severn Beach
52.639578,-1.844023,Shenstone
51.453003,0.179097,Crayford
55.945287,-4.564554,Dumbarton
53.146561,-2.367382,Sandbach
51.557295,-0.7477499999999999,Cookham Dean
53.72702,-1.85754,Halifax
55.695149,-4.857158,West Kilbride
49.0743308,-122.5593218,Langley
56.96366099999999,-2.209288,Stonehaven
52.5296826,-2.0319855,Great Bridge
51.3221909,-0.205046,Banstead
53.7349864,-1.6630839,Birstall
50.8129769,-0.422028,Goring-By-Sea
54.53823300000001,-0.7733169999999999,Hinderwell
52.714772,1.4119679,Hoveton
52.9617436,0.6208168,Titchwell
51.972264,0.869817,Nayland
53.896517,-1.763793,Burley Woodhead
56.036342,-2.827051,Gullane
57.4565187,-7.282038600000001,Benbecula
34.307647,-80.9603643,The Ridgeway
51.468813,-0.125439,Stockwell
55.00929900000001,-2.971888,Longtown
53.960549,-2.326671,Forest Beck
53.291911,-3.468319,Rhuddlan
53.29669999999999,-2.096652,Bollington
51.8389669,0.308598,Great Canfield
52.527793,-1.772577,Minworth
38.8186957,-81.71068509999999,North Ripley
56.19632,-2.996578,Leven
52.67197710000001,-1.0911742,Thurmaston
51.546615,-0.373103,Northolt
51.825438,1.1411119,Little Clacton
52.441604,-1.969985,Weoley Castle
54.867447,-1.415359,Silksworth
52.488674,-2.046085,Rowley Regis
51.315276,-2.424706,Peasedown St. John
51.5596758,-0.07937,Stoke Newington
52.55362299999999,-1.1421539,Countesthorpe
50.915254,-1.270672,Botley
53.0662226,-1.2494026,Annesley
52.98266,-1.354189,Mapperley
57.00000000000001,-7,Western Isles
56.130163,-3.306033,Lochgelly
53.661066,-1.552155,Horbury
52.969181,-1.46028,Little Eaton
56.262381,-3.778368,Blackford
55.8512984,-4.1159938,Baillieston
52.443155,-1.829907,Acocks Green
51.608159,-3.329324,Coedpenmaen
54.4203331,-6.4548387,Portadown
55.88198,-3.114017,Lasswade
56.0130357,-3.6035314,Bo'ness
51.09334399999999,-0.262954,Faygate
51.43928,-0.05313,Forest Hill
51.4516523,-0.902918,Woodley
51.648354,-3.680867,Duffryn Rhondda
54.5082725,-6.7669352,Dungannon
52.79534,-1.1980869,Stanford On Soar
40.688432,-75.2207323,Easton
41.2306979,-73.064036,Milford
50.9960639,-2.415668,Templecombe
54.486335,-0.613347,Whitby
54.309591,-1.826792,Leyburn
51.807083,-1.63679,Burford
52.68161800000001,0.937827,Dereham
53.802132,-2.315723,Padiham
52.27773999999999,0.048734,Longstanton
52.02984499999999,-0.285839,Henlow
52.67757,-0.319225,Market Deeping
51.5516298,0.0588571,Little Ilford
40.5649781,-111.8389726,Sand
50.926964,-2.818229,Lopen
51.47896799999999,-3.705163,Porthcawl
50.950057,-1.452161,Rownhams
52.1922,-0.06386689999999999,Bourn
51.54817000000001,-0.582716,Stoke Poges
55.856554,-4.577723,Bridge Of Weir
51.661745,-1.1707,Berinsfield
57.081409,-4.054468,Kingussie
51.137386,-0.778877,Churt
48.0933353,-98.7526139,Keith
51.946217,-0.018547,Buntingford
44.4582983,-93.161604,Northfield
56.393475,-4.618571999999999,Crianlarich
51.205163,-4.126761999999999,Ilfracombe
53.96836099999999,-1.285164,Tockwith
52.59122499999999,-0.718484,Uppingham
29.9146493,-90.0539603,Gretna
50.93606399999999,-3.126185,Culmhead
53.322169,-4.232324,Tyn-Y-Gongl
54.012173,-2.811153,Ashton With Stodday
51.7934409,-2.6174728,Coleford
55.932112,-2.360664,Cockburnspath
55.737744,-3.971699,Larkhall
52.107586,-3.637427,Llanwrtyd Wells
51.723391,-0.534632,Bovingdon
34.8065528,-78.9711406,St. Pauls
-33.8160945,151.0907685,Meadowbank
33.8708929,-79.1024176,Church End
51.0551109,-2.733788,Somerton
50.7698055,-0.7448281999999999,Pagham
53.611055,-2.606365,Adlington
50.985117,0.9394730000000001,New Romney
56.0196754,-3.8360606,Larbert
52.980051,-3.369242,Corwen
51.476821,-0.863167,Twyford
54.578302,-2.489614,Appleby-In-Westmorland
52.511107,-2.0432929,Tividale
52.696299,-103.817903,Bensham
42.1622966,-77.03691160000001,Denmark Hill
55.240164,-4.854217999999999,Girvan
53.883033,-1.610585,Bramhope
51.83163700000001,-0.6954709,Long Marston
53.221233,-2.420962,Byley
55.755363,-4.685976999999999,Kilbirnie
52.109994,-2.074814,Pershore
50.6784324,-2.225127,Wool
51.863999,-0.736082,Wingrave
51.8786688,-2.0905453,Leckhampton
52.73374279999999,-1.7463092,Fradley Park
54.504523,-1.354759,Yarm
51.60856200000001,-3.660466,Maesteg
52.44779399999999,-3.540195,Llanidloes
51.716154,-3.451816,Aberdare
54.006319,-0.3169719,Great Kelk
52.45413,-1.83911,Tyseley
54.377353,-1.629923,Catterick
52.988618,-1.444973,Coxbench
52.556076,-1.407885,Wykin
-26.741769,151.8194546,Brooklands
53.796994,-1.249604,Sherburn In Elmet
52.27203100000001,-3.005157,Presteigne
38.113349,-77.4092467,Woodford
52.82906,-1.183133,East Leake
55.012361,-1.583661,Longbenton
51.6608359,-114.136516,Didsbury
51.138514,0.8979469999999998,Willesborough
-40.9891512,145.7277863,Wynyard
54.06824599999999,-2.277655,Settle
52.805229,-1.001836,Old Dalby
28.4583383,-81.3592364,Belle Isle
52.527836,-1.221417,Broughton Astley
53.74330399999999,-2.013021,Hebden Bridge
52.069702,-0.118461,Steeple Morden
56.299032,-2.660714,Kingsbarns
51.5351659,-2.3909379,Chipping Sodbury
36.0754183,-79.0997347,Hillsborough
51.8896609,-4.301701,Bronwydd Arms
40.0084456,-75.26046,Narberth
51.71934100000001,-1.900015,Ampney Crucis
53.0252217,-2.2337812,Cross Heath
51.968201,-3.874428,Llanwrda
52.898446,-1.269778,Long Eaton
56.058363,-2.719646,North Berwick
52.969215,-3.17166,Llangollen
54.341232,-3.023048,Grizedale
50.775016,-4.184284,Beaworthy
51.339277,-1.76478,Pewsey
40.7898487,-124.0469919,Freshwater
53.8288591,-1.5379202,Chapel Allerton
52.44008400000001,-2.8332799,Craven Arms
55.900099,-4.404774,Clydebank
57.09756900000001,-2.265216,Peterculter
53.33568100000001,-1.170047,Lindrick Common
54.369071,-3.07587,Coniston
50.820555,0.340223,Pevensey
53.222607,-4.165577,Menai Bridge
51.013156,-1.647986,Whiteparish
-32.0506991,150.867872,Scone
52.283292,-1.717844,Claverdon
52.287985,-0.677099,Little Irchester
52.5401529,-3.074375,Church Stoke
52.548406,-1.193318,Cosby
51.58624589999999,-0.220009,Hendon
54.45,-3.0666667,Great Langdale
53.4877386,-2.8445814,Knowsley Industrial Park
51.59044799999999,0.235288,Harold Wood
53.4074544,-0.9058662,Mill Hill East
50.810208,-2.743195,Beaminster
51.80288059999999,-0.4746748,Gaddesden Row
52.36591199999999,-0.262374,Alconbury
52.5024469,-1.86187,Nechells
54.102794,-1.110758,Stillington
49.49134,4.160311,Balham
51.61044099999999,-0.701444,Loudwater
51.384033,-1.155134,Aldermaston
50.67865,-3.23756,Sidmouth
51.515985,-0.04772490000000001,Stepney
53.174675,0.09143989999999999,Spilsby
50.179486,-4.975829,Portscatho
56.954527,-7.486566,Castlebay
51.485191,-3.270775,St. Fagans
50.792592,-3.651495,Crediton
18.0020601,-15.6838632,Hope Carr
53.04010599999999,-0.333603,Anwick
50.747497,-3.388247,Rockbeare
53.675254,-1.939549,Ripponden
40.1528489,-81.572065,Kimbolton
53.345229,-1.987592,Furness Vale
53.128463,-2.871349,Aldford
55.45355199999999,-4.265829,Cumnock
50.793209,-0.005174,Peacehaven
51.4815584,-0.0264139,Deptford
51.475987,0.283495,West Thurrock
53.8202133,-1.4674614,Seacroft
52.8382,1.503218,Walcott
45.2480556,-95.9083333,Holloway
53.756629,-3.0213193,Lytham St. Annes
54.903367,-5.024055,Stranraer
53.092664,-3.003691,Llay
52.34169499999999,-0.541032,Raunds
53.266577,-3.92065,Penmaenmawr
51.412626,0.077487,Chislehurst
51.394943,-0.19446,Morden
50.803,-0.51249,Rustington
51.2327299,0.494452,Coxheath
51.11620199999999,-0.800412,Headley Down
53.5839563,-2.2515656,Heywood Distribution Park
53.447755,-0.8096329999999999,West Stockwith
56.255885,-4.937012,Cairndow
51.856054,0.071866,Much Hadham
52.873678,0.626702,Bircham Newton
51.359454,-0.487961,New Haw
53.723968,-2.743874,New Longton
50.54206199999999,-4.939017,Padstow
52.74215,-3.884399999999999,Dolgellau
53.351175,-3.006884,Bebington
55.99000299999999,-3.399045,South Queensferry
52.962732,-1.074676,Netherfield
52.002175,-0.7501369999999999,Bletchley
51.6123242,-0.5561674,Chalfont St. Peter
51.848186,1.267736,Walton On The Naze
56.704361,-3.729711,Pitlochry
54.5403076,-1.2936359,Thornaby
55.777794,-2.343461,Duns
53.50754,-2.391199,Worsley
55.735435,-3.836552,Carluke
-33.3270685,115.6391736,Bunbury
53.247121,-2.648985,Norley
53.7323749,-2.6612285,Bamber Bridge
56.13310999999999,-3.377893,Kelty
53.3886449,-2.763564,Cronton
54.16746500000001,-2.826756,Silverdale
58.24157529999999,-6.661592499999999,Isle Of Lewis
57.9932604,-6.8736215,Isle Of Harris
52.083703,-4.660864,Cardigan
50.79307000000001,0.045574,Newhaven
53.51626899999999,-2.237311,Crumpsall
53.0360655,-1.4064499,Marehay
51.149517,-0.646547,Witley
52.062959,-0.720445,Willen
51.1868887,-0.6497866999999999,Lower Eashing
51.723453,-1.549105,Bampton
52.588742,-1.848767,Four Oaks
52.26558199999999,0.191002,Waterbeach
51.6465,0.614665,South Woodham Ferrers
54.96579,-1.71259,Blaydon Burn
51.64751200000001,-3.3293529,Abercynon
53.045217,-4.038411,Nant Gwynant
57.05003,-3.036649,Ballater
51.222654,-0.784961,Lower Hale
51.825366,-3.019423,Abergavenny
51.48734140000001,0.1334823,Lesnes Woods
53.883551,-1.260889,Tadcaster
52.122665,0.169775,Sawston
53.418359,-2.428085,Partington
53.709984,-1.697018,Liversedge
54.879954,-4.8087989,Glenluce
54.68803399999999,-1.553164,Ferryhill
50.406021,-4.6750679,Lostwithiel
51.305296,-0.9040600000000001,Hartley Wintney
52.22,-0.29,Eaton Socon
52.983613,-0.299062,Heckington
51.43175600000001,-2.756287,Nailsea
52.69464499999999,-1.401395,Ibstock
53.380149,-2.193189,Cheadle Hulme
52.44217,-4.0281019,Bow Street
33.82957,-86.80087379999999,The Trafford Centre
42.0561853,-77.0277447,Caton
52.813675,-0.158833,Pinchbeck
51.669543,-4.041545,Gorseinon
38.87561940000001,-84.61022129999999,Walton
52.94341,-1.034344,Radcliffe-On-Trent
50.894559,-2.574939,Yetminster
50.95575400000001,-4.105481,Stevenstone
54.2403554,-0.3672674,Cayton Bay
52.341009,-3.046971,Knighton
55.049871,-1.739844,Ponteland
53.877118,-1.706645,Guiseley
52.883519,-1.719448,Foston
40.9806535,-73.68373989999999,Rye
52.704308,1.4073119,Wroxham
50.497003,-4.202055,Calstock
47.5217126,-99.57518449999999,Wells
26.820553,30.802498,Egypt
53.30730500000001,-2.683577,Sutton Weaver
55.943304,-4.316987,Milngavie
52.76859899999999,-0.378462,Bourne
50.76927,-0.871516,East Wittering
52.564165,1.233985,Mulbarton
51.145536,-0.008895,Dormans Park
52.004502,-4.996011,Goodwick
51.3093239,-0.055901,Warlingham
53.781902,-0.644551,North Cave
53.89571369999999,-1.9482641,Steeton
55.773543,-3.919354,Wishaw
51.503457,-2.698444,Avonmouth
51.62435199999999,-3.458067,Tonypandy
39.212387,-78.86707299999999,Wickham
54.471908,-1.18531,Stokesley
50.169828,-5.129462999999999,Tremough
51.880451,-1.310914,Tackley
52.00384,-0.49656,Flitwick
52.904127,-4.062969,Talsarnau
50.985538,0.4729209999999999,Robertsbridge
53.195068,-2.999372,Sandycroft
53.90302699999999,-2.772196,Garstang
54.04199,-2.894475,Heysham
53.78899999999999,-1.555,Holbeck
41.638924,-87.55671079999999,Burnham
52.710459,-1.502566,Measham
52.031628,-0.493186,Ampthill
52.26761,-8.73075,Earls Court
53.705,-2.328,Haslingden
52.87039,-2.924629,Hordley
51.5934669,0.285473,Great Warley
55.541332,-4.659948,Troon
52.0252709,-0.676781,Wavendon
55.85587,-3.164189,Roslin
51.344858,1.345809,Kent International Airport
51.3633979,-0.5303019999999999,Ottershaw
54.120007,-1.191878,Easingwold
53.761215,-1.5895109,Churwell
54.7559964,-6.4660018,Toomebridge
53.003561,-2.287062,Keele
51.5174809,-0.643223,Cippenham
52.45993,-2.11592,Lye
50.63467499999999,-1.175199,Shanklin
50.169173,-5.107088000000001,Penryn
50.8020939,-1.202352,Lee-On-The-Solent
55.898864,-3.311021,Currie
51.77135190000001,-0.3261744,Porters Wood
51.812119,0.74656,Tiptree
53.755477,-1.4734619,Rothwell
51.70753699999999,-1.785135,Fairford
48.3131053,-117.2818642,Usk
53.51989760000001,-0.6535917,Scotter Common
52.4297169,-1.921767,Stirchley
51.022909,-0.4514619999999999,Billingshurst
53.286781,-3.807032,Llandudno Junction
52.571663,-1.212019,Narborough
-31.952564,116.0247647,Maida Vale
53.53460099999999,-1.307202,Goldthorpe
51.4923829,-2.619894,Westbury-On-Trym
29.5585424,-95.6096577,Sutton Park
55.977796,-3.6276827,Linlithgow Bridge
53.698674,-0.432062,Hoe Hill
52.1098489,-1.890504,South Littleton
50.780503,-1.733951,Bransgore
51.479187,-1.136687,Upper Basildon
-43.7027662,172.085541,Bankside
54.5194632,-3.5527686,Westlakes Science & Technology Park
53.255785,-4.311402,Llangefni
53.4032296,-0.0055373,Little Grimsby
51.8041888,-0.6705732999999999,Little Tring
52.33072,-0.905283,Brixworth
55.14686099999999,-1.598327,Choppington
51.494107,0.121262,Abbey Wood
55.037226,-1.510266,Shiremoor
57.58284399999999,-2.004619,New Leeds
54.91868299999999,-2.817092,Newby East
52.923368,-2.944812,Criftins
50.6481939,-3.429485,Lympstone
51.671325,-0.258839,Well End
-33.7756703,151.1694182,Lindfield
52.551938,1.127895,Silfield
43.51962880000001,-114.3153245,Hailey
55.838112,-4.554189,Kilbarchan
48.856614,2.3522219,Paris Island Little
51.6294605,-2.1788696,Long Furlong
53.337751,-3.365556,Gronant
52.226239,-0.278094,Eaton Ford
56.3347303,-6.4041001,Isle Of Iona
51.273487,0.4000619,Kings Hill
51.12414,-1.715223,Porton Down
31.3393458,-92.7134811,Hotwells
50.887403,-0.326676,Steyning
52.3494602,0.2203029,Stretham
52.155608,1.049566,Needham Market
51.099519,-2.688433,Butleigh
52.2682934,-0.6022984,Wymington
52.413917,0.5218539999999999,Lakenheath
51.6693383,-0.5662178,Little Chalfont
50.98616699999999,-4.23372,Littleham
55.639271,-2.6698539,East End Green
51.5073,-0.12755,Charing Cross
53.453069,-2.210068,Rusholme
50.892596,0.054667,Ringmer
-12.35,143.15,Wall Hill
51.483562,-0.5737679,Datchet
50.719733,-2.0109,Hamworthy
54.3412911,-5.7484854,County Down
51.746997,-0.9741879999999999,Thame
53.467175,-2.665882,Haydock
52.696651,-4.054346,Fairbourne
51.58487,-0.36239,North Harrow
53.17005,-3.0814879,Buckley
51.481496,-0.8520979999999999,Ruscombe
51.274017,1.337427,Sandwich
53.34044799999999,-2.631998,Daresbury
51.962238,-0.218085,Willian
51.66254300000001,0.443996,Stock
-41.1783532,146.3609534,Devonport
52.087801,-0.9896469999999999,Whittlebury
39.2853191,-76.57468020000002,Fleet Street
51.51737,-0.08316,Liverpool Street
51.532051,-2.352426,Old Sodbury
51.3951655,0.5169258,Medway City Estate
51.222252,-0.048366,South Godstone
41.6397696,-81.4065011,Willoughby
51.555684,-0.21396,Cricklewood
41.4553232,-81.9179173,Westlake
40.9170435,-72.66204019999999,Riverhead
50.851206,-0.864238,Cutmill
55.0365,-1.564997,Killingworth
53.544941,-2.140409,Chadderton
51.136199,-0.646416,Wormley
51.44464139999999,-0.0201064,Catford
52.39643,-1.98128,Longbridge
45.7690306,-79.3963867,Sundridge
56.6246136,-6.5618783,Isle Of Coll
46.3638345,-92.9429827,Denham
54.74684000000001,-6.32275,Randalstown
56.73334200000001,-2.6552889,Brechin
51.89868370000001,-0.2433175,Rush Green
51.42725000000001,-0.05422,Upper Sydenham
52.2030048,-1.7283776,Stratford Enterprise Park
51.05068,-0.36353,Christs Hospital
51.51158,-0.10363,Blackfriars
56.0809963,-6.2117684,Isle Of Colonsay
53.1180329,-4.127549,Llanberis
37.5202145,-122.2758008,Belmont
53.0598557,-2.9927048,Acton Gate
39.7390721,-75.5397878,Wilmington
53.6763369,-0.5052829999999999,South Ferriby
55.0603396,-1.5832128,Annitsford
57.203514,-2.190188,Dyce
-15.786111,35.005833,Blantyre
51.27241000000001,0.190898,Sevenoaks
51.608638,0.5776150000000001,Rawreth
-35.5579627,146.1668019,Oaklands
51.378478,-2.399787,Twerton
51.6188538,-0.8345037999999999,Lane End
51.625448,-0.5108819,Maple Cross
57.43095899999999,-6.572577,Kilmuir
55.8518898,-3.5699004,East End
51.5797465,-0.1236767,Crouch End
50.3955007,-4.310453799999999,St. Germans
51.35803,-2.90963,Worle
38.9586307,-77.35700279999999,Reston
39.7392358,-104.990251,Denver
-31.6545305,116.6705166,Northam
41.85058739999999,-87.7936685,Berwyn
52.9399159,-73.5491361,Quebec
50.919325,0.9652799999999999,Dungeness
39.9525839,-75.1652215,Philadelphia
51.29030299999999,0.378302,Offham
55.570844,-2.6475399,St. Boswells
52.076192,-2.17272,Baughton
41.7056291,-70.2286681,Yarmouth
51.0551109,-2.733788,East Somerton
51.319941,-0.141267,Coulsdon North
54.146949,-2.766374,Warton
51.482181,-2.49934,Staple Hill
53.27086,0.101901,South Thoresby
43.8652782,-79.338596,Calderbridge
51.705037,-0.11246,Cuffley
52.1959651,-2.2815293,Crown East
52.240999,0.081396,Girton
54.480973,-3.528926,Egremont
51.628347,0.814539,Burnham-On-Crouch
44.6782103,-109.4579855,Park
51.70362799999999,-0.147327,Northaw
40.8014876,-72.8676033,Shirley
51.4420486,-0.6975153,Winkfield
51.088689,-2.5131009,Castle Cary
53.678303,-0.6327469,West Halton
38.5126456,-90.4429881,West Fenton
51.531656,-0.134557,Somers Town
40.0064918,-79.60246819999999,Queen Adelaide
53.10662600000001,-0.8168179999999999,South Muskham
57.5840891,-6.3573317,Uig
51.342412,0.261927,West Kingsdown
52.08078099999999,-0.342254,Old Warden
26.1003654,-80.3997748,Weston
53.114725,-3.310874,Ruthin
57.34245099999999,-5.564944000000001,Achmore
53.984331,-2.101438,Gargrave
-33.8234435,151.1935829,St. Leonards
51.36801699999999,-0.400788,Hersham
51.5123792,-0.0087975,Poplar
51.7512925,-2.2930809,Oldends
36.9783873,-93.0401775,Oldfield
51.264376,-0.7219719,Ash Vale
52.436432,-0.7674559999999999,Rushton
52.425126,-1.443975,Walsgrave On Sowe
51.642387,-3.235099,Ystrad Mynach
52.854126,-1.263801,Ratcliffe-On-Soar
51.5012,-0.09333999999999999,Borough
50.8013083,-0.8670492999999999,Itchenor
51.673794,0.3899059,Ingatestone
-43.90838129999999,171.7485672,Ashburton
52.950304,-1.839295,Rocester
55.711116,-4.723153,Dalry
51.43148799999999,-0.7880769999999999,Binfield
56.447996,-2.880912,Tayport
52.27545809999999,1.4458864,The Mounts
51.19650499999999,-1.551649,Monxton
51.54517,-0.20228,Brondesbury
50.130164,-98.582138,Westbourne
52.110982,-0.897762,Grafton Regis
50.984932,-0.9188250000000001,Nursted
51.2275599,-1.470499,East Anton
52.1634791,-2.1940621,Brockhill Village
51.8993855,-2.0782533,Cheltenham
51.760364,-1.347948,Farmoor
52.900455,0.6247239,Docking
51.48761409999999,0.0366721,Harvey Gardens
51.5592593,-3.2596661,Taffs Well
51.4784254,0.2697935,Waterglade Industrial Park
51.4845911,-1.3016522,World's End
51.1732258,-0.5993569999999999,Busbridge
60.137715,-1.282203,Scalloway
51.828484,0.651405,Rivenhall
53.8370595,-0.9617644,Selby Common
37.5250214,-99.75873849999999,Kingsdown
57.1141029,-2.0819201,Altens
52.270696,-1.893509,Studley
53.166863,-2.366361,Bradwall
51.54412,-0.15336,Chalk Farm
55.9703078,-2.9455236,Port Seton
52.0406224,-0.7594171,Milton Keynes
-37.6960526,144.7694517,Sydenham
54.8272688,-7.463579200000001,Strabane
53.73771499999999,-1.766624,Wyke
52.97345499999999,-1.0800559,Gedling
52.260094,0.064304,Oakington
52.7168836,-8.848089,Firgrove
40.4538703,-106.1814128,Rand
51.36456099999999,-0.665847,Windlesham
51.5188746,-0.1498955,Marylebone
52.300511,-0.06824999999999999,Fenstanton
51.402308,-0.374821,West Molesey
40.1017643,-76.085227,New Holland
53.18257,-0.5870959,North Hykeham
42.3152613,-93.43437569999999,Radcliffe
51.6652667,-3.0397539,Torfaen
51.4933681,-2.2292805,Castle Combe
51.5051528,-0.07566389999999999,Tower Hill
38.5521208,-76.5955093,Crystal Palace
53.96876899999999,-0.9875018999999999,Stockhill
50.934439,-0.179902,Hurstpierpoint
43.6770252,-70.3711617,Westbrook
53.46287299999999,-2.177212,Gorton
52.924226,-0.65645,Gonerby Hill Foot
53.822643,-2.407684,Whalley
52.7574262,-3.1488938,Llansantffraid
53.558271,-3.068743,Formby
51.19715,-0.60453,Farncombe
51.7799951,5.657543,Bulk
51.550187,-0.166274,Belsize Park
50.6122036,-4.1486507,Brentor
54.95506,-1.400665,Cleadon
43.0415955,-87.9016043,East Town
51.37127700000001,-2.3501629,North Widcombe
53.646141,-2.093367,Littleborough
51.447491,-0.199689,Southfields
53.18260799999999,-2.832952,Christleton
51.30153199999999,-2.6242,East Harptree
51.74273600000001,-3.180782,Cwm
51.6218361,-1.135474,Shillingford Hill
51.58755799999999,-1.876232,Purton
51.433799,-3.215782,Dinas Powys
39.0820511,-79.6453386,Hambleton
54.4148674,-1.7395265,Bend Hagg House
51.767658,-1.566767,Brize Norton
55.953252,-3.188267,Edinburgh
55.945668,-3.992534,Cumbernauld
51.51436,0.06148,Beckton
-27.4530683,153.041734,Newstead
51.588497,0.0808084,Barkingside
57.104266,-2.23433,Milltimber
53.439948,-2.824036,Knowsley Park
53.557378,-0.029435,Cleethorpes
-45.8480695,169.2668151,Heriot
54.135476,-3.181974,Newton In Furness
51.65132999999999,-1.269947,Culham
56.01342200000001,-4.773518,Rhu
51.834248,-0.6427919999999999,Pitstone
37.9974219,-121.7124536,Oakley
51.26041000000001,-0.9528249999999999,North Warnborough
51.772502,-3.085896,Blaenavon
51.77334,-0.9259649999999998,Haddenham
53.273014,-2.769426,Helsby
52.567438,-1.2010395,Littlethorpe
50.8661869,-1.037063,Purbrook
50.481799,-3.779342,Buckfastleigh
51.233476,-0.731719,Tongham
51.3540007,-1.1004736,Silchester
53.318282,-2.654573,Preston Brook
50.808344,0.156359,Alfriston
54.63949,-5.83778,Holywood
51.69479870000001,-0.2323459,South Mimms
50.752607,-3.280369,Ottery St. Mary
52.54563899999999,-0.994587,Kibworth Harcourt
55.9392401,-4.1561656,Kirkintilloch
41.2333896,-80.44868,Hermitage
36.3198528,-94.2235931,Englefield
51.420021,-2.707247,Flax Bourton
52.020246,-1.371808,Bloxham
55.42706,-2.780914,Hawick
51.650655,0.518307,South Hanningfield
53.460279,-1.951225,Little Padfield
56.300621,-3.700041,Auchterarder
53.123801,-2.939267,Pulford
51.61042,-1.158393,Brightwell
52.858736,-2.253024,Eccleshall
